/*
SQLyog Ultimate v8.55 
MySQL - 5.5.5-10.1.37-MariaDB : Database - eapi
*********************************************************************
*/

/*!40101 SET NAMES utf8 */;

/*!40101 SET SQL_MODE=''*/;

/*!40014 SET @OLD_UNIQUE_CHECKS=@@UNIQUE_CHECKS, UNIQUE_CHECKS=0 */;
/*!40014 SET @OLD_FOREIGN_KEY_CHECKS=@@FOREIGN_KEY_CHECKS, FOREIGN_KEY_CHECKS=0 */;
/*!40101 SET @OLD_SQL_MODE=@@SQL_MODE, SQL_MODE='NO_AUTO_VALUE_ON_ZERO' */;
/*!40111 SET @OLD_SQL_NOTES=@@SQL_NOTES, SQL_NOTES=0 */;
CREATE DATABASE /*!32312 IF NOT EXISTS*/`eapi` /*!40100 DEFAULT CHARACTER SET latin1 */;

USE `eapi`;

/*Table structure for table `failed_jobs` */

DROP TABLE IF EXISTS `failed_jobs`;

CREATE TABLE `failed_jobs` (
  `id` bigint(20) unsigned NOT NULL AUTO_INCREMENT,
  `connection` text COLLATE utf8mb4_unicode_ci NOT NULL,
  `queue` text COLLATE utf8mb4_unicode_ci NOT NULL,
  `payload` longtext COLLATE utf8mb4_unicode_ci NOT NULL,
  `exception` longtext COLLATE utf8mb4_unicode_ci NOT NULL,
  `failed_at` timestamp NOT NULL DEFAULT CURRENT_TIMESTAMP,
  PRIMARY KEY (`id`)
) ENGINE=InnoDB DEFAULT CHARSET=utf8mb4 COLLATE=utf8mb4_unicode_ci;

/*Data for the table `failed_jobs` */

/*Table structure for table `migrations` */

DROP TABLE IF EXISTS `migrations`;

CREATE TABLE `migrations` (
  `id` int(10) unsigned NOT NULL AUTO_INCREMENT,
  `migration` varchar(191) COLLATE utf8mb4_unicode_ci NOT NULL,
  `batch` int(11) NOT NULL,
  PRIMARY KEY (`id`)
) ENGINE=InnoDB AUTO_INCREMENT=6 DEFAULT CHARSET=utf8mb4 COLLATE=utf8mb4_unicode_ci;

/*Data for the table `migrations` */

insert  into `migrations`(`id`,`migration`,`batch`) values (1,'2014_10_12_000000_create_users_table',1),(2,'2014_10_12_100000_create_password_resets_table',1),(3,'2019_08_19_000000_create_failed_jobs_table',1),(4,'2020_10_21_035855_create_products_table',1),(5,'2020_10_21_040114_create_reviews_table',1);

/*Table structure for table `password_resets` */

DROP TABLE IF EXISTS `password_resets`;

CREATE TABLE `password_resets` (
  `email` varchar(191) COLLATE utf8mb4_unicode_ci NOT NULL,
  `token` varchar(191) COLLATE utf8mb4_unicode_ci NOT NULL,
  `created_at` timestamp NULL DEFAULT NULL,
  KEY `password_resets_email_index` (`email`)
) ENGINE=InnoDB DEFAULT CHARSET=utf8mb4 COLLATE=utf8mb4_unicode_ci;

/*Data for the table `password_resets` */

/*Table structure for table `products` */

DROP TABLE IF EXISTS `products`;

CREATE TABLE `products` (
  `id` int(10) unsigned NOT NULL AUTO_INCREMENT,
  `name` varchar(191) COLLATE utf8mb4_unicode_ci NOT NULL,
  `detail` text COLLATE utf8mb4_unicode_ci NOT NULL,
  `price` double NOT NULL,
  `stock` double NOT NULL,
  `discount` int(11) NOT NULL,
  `created_at` timestamp NULL DEFAULT NULL,
  `updated_at` timestamp NULL DEFAULT NULL,
  PRIMARY KEY (`id`)
) ENGINE=InnoDB AUTO_INCREMENT=51 DEFAULT CHARSET=utf8mb4 COLLATE=utf8mb4_unicode_ci;

/*Data for the table `products` */

insert  into `products`(`id`,`name`,`detail`,`price`,`stock`,`discount`,`created_at`,`updated_at`) values (1,'officiis','Qui eum ut deleniti suscipit ratione. Saepe amet omnis repudiandae neque. Occaecati aliquam non eos in quisquam atque aut. Modi voluptas asperiores molestiae ad.',569,8,10,'2020-10-21 10:24:31','2020-10-21 10:24:31'),(2,'temporibus','Molestias commodi vero et consequuntur cumque. Vel quo soluta maiores numquam sint architecto. Officia aliquid atque numquam tenetur.',836,4,26,'2020-10-21 10:24:31','2020-10-21 10:24:31'),(3,'modi','Et omnis ea nobis amet mollitia exercitationem enim. Corporis ab eius a veniam. Qui ad iusto quisquam nulla at.',741,0,22,'2020-10-21 10:24:31','2020-10-21 10:24:31'),(4,'consectetur','Sit reprehenderit perspiciatis et in ut. Nesciunt culpa dolores magnam ea culpa. Ducimus et beatae est dolorem placeat quo.',229,7,16,'2020-10-21 10:24:31','2020-10-21 10:24:31'),(5,'nihil','Animi atque iste sit sequi labore. Magni maxime dolor quia omnis atque. Placeat aperiam unde assumenda ex. Eum accusamus in laudantium magni architecto.',748,8,12,'2020-10-21 10:24:31','2020-10-21 10:24:31'),(6,'vitae','Et harum facere facere dolor ut iusto officiis. Quia recusandae ut at nam cupiditate. Sed et iusto quis aliquam numquam doloribus.',579,7,16,'2020-10-21 10:24:31','2020-10-21 10:24:31'),(7,'fugit','Saepe quis molestiae nisi omnis autem. Veritatis officia earum sequi. Aut dolor molestias fuga sunt maiores nostrum ea.',580,0,5,'2020-10-21 10:24:31','2020-10-21 10:24:31'),(8,'ducimus','Nam aut quae architecto officia molestias dolor nulla nemo. Consequatur accusantium aspernatur sed atque dolores voluptates. Illum et numquam sed est quis iure. Veritatis illum nisi rerum.',719,3,26,'2020-10-21 10:24:31','2020-10-21 10:24:31'),(9,'ratione','Mollitia quod voluptates praesentium maxime distinctio corporis consequatur cum. Vero dolore sequi error quos.',480,3,26,'2020-10-21 10:24:31','2020-10-21 10:24:31'),(10,'facilis','Ullam ut ratione eveniet esse delectus vero. Aut commodi beatae nesciunt tempora. Hic saepe numquam et aut molestias alias maxime.',199,2,18,'2020-10-21 10:24:31','2020-10-21 10:24:31'),(11,'aperiam','Expedita facere magnam tenetur quia quas fuga et. Quibusdam deserunt sit ut. Praesentium voluptatem modi neque non velit eum nesciunt.',756,7,24,'2020-10-21 10:24:31','2020-10-21 10:24:31'),(12,'mollitia','Possimus aut quibusdam voluptates. Nobis ducimus veritatis qui a necessitatibus debitis eum quia. Fugit quibusdam impedit et impedit sequi. Voluptatum neque deserunt rerum quo veritatis sed. Odit voluptate nobis delectus magnam.',608,1,25,'2020-10-21 10:24:31','2020-10-21 10:24:31'),(13,'autem','Sit dolorum autem unde eos. Quia maiores ducimus ipsam consequuntur mollitia. Animi amet sunt eum qui. Voluptatibus fugit ut pariatur suscipit.',383,2,13,'2020-10-21 10:24:31','2020-10-21 10:24:31'),(14,'animi','Et culpa nam quasi minima reprehenderit saepe quis. Illo soluta maiores in dolore est. Qui rerum omnis exercitationem.',554,6,2,'2020-10-21 10:24:31','2020-10-21 10:24:31'),(15,'eum','Dolorem officiis officia non est. Sunt nemo molestiae et sunt voluptatem. Aperiam eaque nam et ad est consequatur debitis. Soluta consequatur in minus.',567,5,20,'2020-10-21 10:24:31','2020-10-21 10:24:31'),(16,'alias','Et aliquam voluptatibus et. Officiis hic enim consequatur id ut in repellendus. Error mollitia in molestias quam expedita aut. Sit incidunt quisquam non at.',236,6,30,'2020-10-21 10:24:32','2020-10-21 10:24:32'),(17,'natus','Commodi voluptatem esse sit qui commodi maiores. Possimus labore ipsum suscipit est et voluptas sit sit. Doloremque dolorem eum et eos adipisci praesentium voluptatem.',600,5,9,'2020-10-21 10:24:32','2020-10-21 10:24:32'),(18,'adipisci','Voluptas aspernatur commodi et minima. Praesentium id quia reprehenderit et.',831,8,25,'2020-10-21 10:24:32','2020-10-21 10:24:32'),(19,'qui','Eaque pariatur rerum reiciendis vitae. Dolores aliquam eos voluptas non. Id possimus ex voluptatibus aspernatur quidem et veritatis. Recusandae quasi atque et et accusantium quis.',671,3,29,'2020-10-21 10:24:32','2020-10-21 10:24:32'),(20,'accusamus','Repellendus reprehenderit dolor tempore consequuntur nisi neque maiores nobis. Et eveniet cupiditate adipisci. Accusantium sapiente ex animi et nisi facere nostrum libero. Veritatis assumenda aut dolore impedit blanditiis.',840,6,7,'2020-10-21 10:24:32','2020-10-21 10:24:32'),(21,'numquam','Temporibus quia nihil ducimus quia possimus ducimus qui. Autem delectus dolorem tempora rerum earum. Autem dicta ut maxime quisquam rerum. Vitae a quos quo.',216,0,17,'2020-10-21 10:24:32','2020-10-21 10:24:32'),(22,'repellat','Nam natus ex veniam magnam dicta. Aut et occaecati laborum perferendis. Dolores repellendus et laborum consequuntur sit velit.',544,1,13,'2020-10-21 10:24:32','2020-10-21 10:24:32'),(23,'autem','Omnis vero adipisci unde sunt aut. Est qui nulla quos. Aut et magni ut ducimus pariatur quidem rerum.',104,6,5,'2020-10-21 10:24:32','2020-10-21 10:24:32'),(24,'consequatur','Ab itaque dolor explicabo reprehenderit aut. Labore consequatur quia voluptatem sit sed. Aut quam neque porro blanditiis dolorem sint. Numquam qui dolor sed sit dolores eos reiciendis.',629,7,24,'2020-10-21 10:24:32','2020-10-21 10:24:32'),(25,'earum','Aliquid fuga quidem voluptas natus ut soluta magni. Blanditiis et dolorum quia non. Voluptas accusamus eos aliquam tempore.',774,6,2,'2020-10-21 10:24:32','2020-10-21 10:24:32'),(26,'inventore','Quaerat quia eveniet sed aut eum sed sequi. Sunt ullam eos voluptatibus voluptas sed saepe. Molestiae dolorem et itaque pariatur aut eos. Necessitatibus nesciunt consectetur est optio ea.',992,3,2,'2020-10-21 10:24:32','2020-10-21 10:24:32'),(27,'expedita','Aut sequi numquam quo fugiat dolores aut iure. Consequatur beatae nesciunt earum quibusdam. Quos ipsam omnis sit quisquam rem sit tenetur. Et eius qui quo ea qui.',819,6,17,'2020-10-21 10:24:32','2020-10-21 10:24:32'),(28,'maiores','Excepturi perferendis omnis quia maiores. Dolores magni consequatur ut eveniet. Tempora quia veritatis nam illo. Vero aut repellat consequatur consectetur.',253,9,26,'2020-10-21 10:24:32','2020-10-21 10:24:32'),(29,'assumenda','Sint autem nemo tempore unde ipsam. Aut quisquam aperiam quia adipisci optio nihil voluptates. Facilis corporis commodi blanditiis doloremque dignissimos repellendus vero.',236,8,30,'2020-10-21 10:24:32','2020-10-21 10:24:32'),(30,'ipsa','Voluptas autem ducimus dolorem quidem eius et. Id qui odio unde ab. Quidem quis impedit corporis ut natus officia. Et sunt dignissimos autem expedita qui repellendus.',233,1,25,'2020-10-21 10:24:32','2020-10-21 10:24:32'),(31,'quo','Itaque ipsam voluptatibus dicta quo. Alias necessitatibus vitae similique vero. Ea excepturi ipsa aut et autem sit odit.',679,9,30,'2020-10-21 10:24:32','2020-10-21 10:24:32'),(32,'molestiae','Debitis similique quaerat molestiae laborum quod. Distinctio assumenda neque adipisci. Blanditiis omnis quod officiis quia molestiae. Placeat nemo voluptas sint maiores.',547,0,3,'2020-10-21 10:24:33','2020-10-21 10:24:33'),(33,'vitae','Voluptas tempore qui aut eligendi est. Magnam harum velit voluptas odio quaerat saepe dignissimos doloribus. Quia corporis earum id quia. Modi culpa est aperiam aliquid odio quis officia.',922,3,17,'2020-10-21 10:24:33','2020-10-21 10:24:33'),(34,'repellat','Eius blanditiis nihil provident consequatur. Quis expedita a perspiciatis.',866,6,28,'2020-10-21 10:24:33','2020-10-21 10:24:33'),(35,'aspernatur','Consequatur dolor ullam totam id illo et quos totam. Aut fugit nisi minus veritatis et. Quisquam quis hic dolorum.',540,4,8,'2020-10-21 10:24:33','2020-10-21 10:24:33'),(36,'aliquam','Est optio fugiat molestiae voluptatibus voluptas. Voluptates quia facere aliquid quod. Provident eos ex unde quisquam est rerum.',148,5,6,'2020-10-21 10:24:33','2020-10-21 10:24:33'),(37,'qui','Est fugit distinctio nemo quis quia in quisquam. Assumenda sed consequatur rerum saepe. Delectus quaerat porro ut iure aliquid voluptas consequatur. Consequatur beatae omnis voluptatem nesciunt dolores facere.',347,3,4,'2020-10-21 10:24:33','2020-10-21 10:24:33'),(38,'sint','Et quaerat distinctio rerum fugiat sed molestias. Animi adipisci architecto accusamus qui. Debitis et nostrum nisi beatae neque quaerat ipsa. Et maiores velit inventore nemo et id. Autem quidem culpa hic fugit sint.',506,1,6,'2020-10-21 10:24:33','2020-10-21 10:24:33'),(39,'unde','Rerum odio ut alias vitae totam ex est aut. Quia quae corporis fugit iste. Incidunt voluptas molestiae ad corrupti quisquam fugiat vel sit. Consectetur eos eum ad quod et provident est.',185,2,28,'2020-10-21 10:24:33','2020-10-21 10:24:33'),(40,'perferendis','Corporis voluptatem ipsa aut quae rerum ipsam doloremque et. Expedita consequatur et soluta molestias quae molestiae. Natus necessitatibus architecto perferendis debitis. A nam fugit ut veritatis quasi.',500,8,16,'2020-10-21 10:24:33','2020-10-21 10:24:33'),(41,'rem','Nulla laudantium ipsam accusamus fugiat et sint. Ad cupiditate et autem ut dolore. Ea quibusdam possimus molestiae qui dignissimos aut vero. Voluptates sed dolor est sapiente qui.',349,5,3,'2020-10-21 10:24:33','2020-10-21 10:24:33'),(42,'aut','Soluta fugit quisquam enim aspernatur omnis doloremque. Consequatur dolores sed praesentium aut. Dolore sint eaque ratione sed quam praesentium. Et provident rerum optio.',829,1,3,'2020-10-21 10:24:33','2020-10-21 10:24:33'),(43,'nobis','Est officiis ut commodi ut debitis. Debitis est quibusdam blanditiis sit quia. Voluptate ipsum quia culpa aut occaecati. Sed animi exercitationem repellendus officia aut.',897,0,26,'2020-10-21 10:24:33','2020-10-21 10:24:33'),(44,'voluptatibus','Et qui est aut laudantium quia atque reiciendis consequatur. Et sequi est consequuntur quae sequi non unde dolorem. Non in voluptas quos.',783,8,23,'2020-10-21 10:24:33','2020-10-21 10:24:33'),(45,'consectetur','Quisquam quasi provident repellat facere quisquam mollitia. Asperiores dolore dolor consectetur totam non. Consequatur assumenda dicta est voluptatem et nulla id.',455,3,21,'2020-10-21 10:24:33','2020-10-21 10:24:33'),(46,'expedita','Harum et ipsum laborum harum dolorum mollitia. Impedit odit exercitationem earum illo dolorem. Et tenetur ex quia. Odit nostrum expedita sed sequi quod quaerat doloremque.',106,4,2,'2020-10-21 10:24:33','2020-10-21 10:24:33'),(47,'soluta','Voluptatibus consequatur ex occaecati voluptas. Sunt distinctio ea aut qui quisquam vero quo natus. Enim est consequatur vitae iusto. Possimus praesentium rerum sequi aut quis.',320,6,8,'2020-10-21 10:24:33','2020-10-21 10:24:33'),(48,'quaerat','Natus praesentium ea aliquid ea. Labore necessitatibus quia quibusdam tenetur consequatur ut dicta architecto. Aut fugit minima necessitatibus quasi. Ipsam omnis aperiam modi excepturi facere autem saepe.',673,2,15,'2020-10-21 10:24:33','2020-10-21 10:24:33'),(49,'consequuntur','Aut nihil ut magni maiores odio minus soluta. Quod beatae distinctio exercitationem maxime. Aut et ipsum itaque dignissimos. Perspiciatis et a iure dolorem reprehenderit dignissimos tenetur.',535,1,2,'2020-10-21 10:24:33','2020-10-21 10:24:33'),(50,'voluptates','Vel qui ipsam distinctio deleniti. Et autem et ipsa deserunt eum. Cum ullam ea quia suscipit veritatis et voluptatem consequatur. Voluptas eaque autem odit voluptatem similique autem.',310,7,14,'2020-10-21 10:24:33','2020-10-21 10:24:33');

/*Table structure for table `reviews` */

DROP TABLE IF EXISTS `reviews`;

CREATE TABLE `reviews` (
  `id` int(10) unsigned NOT NULL AUTO_INCREMENT,
  `product_id` int(10) unsigned NOT NULL,
  `customer` varchar(191) COLLATE utf8mb4_unicode_ci NOT NULL,
  `review` text COLLATE utf8mb4_unicode_ci NOT NULL,
  `star` int(11) NOT NULL,
  `created_at` timestamp NULL DEFAULT NULL,
  `updated_at` timestamp NULL DEFAULT NULL,
  PRIMARY KEY (`id`),
  KEY `reviews_product_id_index` (`product_id`),
  CONSTRAINT `reviews_product_id_foreign` FOREIGN KEY (`product_id`) REFERENCES `products` (`id`) ON DELETE CASCADE
) ENGINE=InnoDB AUTO_INCREMENT=301 DEFAULT CHARSET=utf8mb4 COLLATE=utf8mb4_unicode_ci;

/*Data for the table `reviews` */

insert  into `reviews`(`id`,`product_id`,`customer`,`review`,`star`,`created_at`,`updated_at`) values (1,22,'Polly Halvorson','Delectus id numquam tempora illo. Porro animi et ea magnam. Reiciendis magni et perspiciatis placeat illum asperiores ut. Tempora quam et eveniet tempore sunt porro.',5,'2020-10-21 10:24:34','2020-10-21 10:24:34'),(2,38,'Estefania Bayer','Sit ab mollitia inventore aut est. Provident velit ut qui dolor sit quos qui. Deleniti ad numquam non quia temporibus eveniet velit. Rerum a magnam voluptate doloribus placeat quasi mollitia eveniet.',0,'2020-10-21 10:24:34','2020-10-21 10:24:34'),(3,6,'Geovanni Kessler','Repellat est omnis illum magnam explicabo eius cupiditate. Deserunt cumque illo sit. Hic magni laborum omnis molestiae tempore.',0,'2020-10-21 10:24:34','2020-10-21 10:24:34'),(4,29,'Arvilla Maggio','Adipisci est sunt accusamus reiciendis assumenda veniam nobis qui. Qui id ut recusandae omnis in aut vitae culpa. Quas alias alias enim eum est.',3,'2020-10-21 10:24:34','2020-10-21 10:24:34'),(5,3,'Nicole Wilkinson','Assumenda porro ipsa sunt eius. Repellendus consequatur aliquam deleniti eius aut. Similique ut ut velit eum aut eum sed.',2,'2020-10-21 10:24:34','2020-10-21 10:24:34'),(6,16,'Miss Donna Green IV','Ab laborum ducimus consequatur culpa eos. Commodi corporis et quod ut nulla amet qui. Porro nemo inventore reiciendis qui distinctio nemo perspiciatis.',4,'2020-10-21 10:24:34','2020-10-21 10:24:34'),(7,45,'Vivien Stokes DVM','Voluptatem nostrum distinctio dolores ducimus et. Ea perferendis et nobis cumque doloribus eligendi est voluptas. Qui consequuntur quod molestiae fuga dicta rerum.',4,'2020-10-21 10:24:34','2020-10-21 10:24:34'),(8,11,'Ms. Bridie Steuber Jr.','Libero voluptatum quas recusandae. Aperiam nihil nobis laborum minima. Voluptatum aut deserunt accusamus ut et. Culpa dicta sapiente minus.',3,'2020-10-21 10:24:34','2020-10-21 10:24:34'),(9,15,'Ethelyn Bednar PhD','Molestiae soluta id dicta est sint. Incidunt blanditiis delectus earum beatae quod distinctio. Inventore maiores voluptatem voluptatum aut praesentium doloribus. Blanditiis ut aliquam eum aliquid. Hic nesciunt est amet molestiae alias.',3,'2020-10-21 10:24:34','2020-10-21 10:24:34'),(10,26,'Noah Boyle','Praesentium provident cum sunt ullam magnam consequatur distinctio consequatur. Tenetur omnis omnis in tempora quis placeat iusto. Ut ut ut iste qui itaque vel hic.',2,'2020-10-21 10:24:34','2020-10-21 10:24:34'),(11,8,'Cortney Howell','Eum est molestiae pariatur at quia magni. Quae odit rerum et reprehenderit placeat laboriosam deleniti et. Aliquid temporibus odit pariatur rem. Ipsam corporis autem natus quisquam nesciunt.',3,'2020-10-21 10:24:35','2020-10-21 10:24:35'),(12,29,'Zella Legros','Molestiae enim ut quo veniam. Dolorem eum voluptatem officia sed quibusdam nihil blanditiis minus. Ea occaecati placeat officia qui aut ut non.',1,'2020-10-21 10:24:35','2020-10-21 10:24:35'),(13,35,'Dr. Doris Kuhn','Aut impedit ea ipsum sint. Ut praesentium debitis ea laudantium qui dolor iste deleniti. Aperiam vitae labore earum doloribus natus. Voluptas nihil id voluptatum eum occaecati.',0,'2020-10-21 10:24:35','2020-10-21 10:24:35'),(14,15,'Noah Sanford I','Ut nihil deserunt animi quas nostrum et corporis sint. Nisi adipisci at deleniti autem facere quia. Est distinctio iure et.',3,'2020-10-21 10:24:35','2020-10-21 10:24:35'),(15,30,'Liana Heller','Omnis qui cum odit magni occaecati voluptatibus cupiditate dolorem. Facilis ad assumenda ut et recusandae. Molestias perspiciatis labore sapiente voluptatum pariatur doloremque molestiae nihil. Enim et dolor dolorem maiores.',4,'2020-10-21 10:24:35','2020-10-21 10:24:35'),(16,40,'Shakira Pacocha','Quisquam quo nulla consequatur fuga earum magni. Accusantium impedit eius hic maiores debitis vero molestiae. Dignissimos est ratione ducimus expedita exercitationem saepe ipsam voluptatem.',1,'2020-10-21 10:24:35','2020-10-21 10:24:35'),(17,30,'Ulices O\'Reilly','Eos officia corrupti et aut sed. Dolorem commodi sed deserunt doloribus unde.',1,'2020-10-21 10:24:35','2020-10-21 10:24:35'),(18,14,'Mr. Conor Gleichner I','Consectetur rerum omnis aut aut nam vel aut accusantium. Est occaecati odit cumque esse cupiditate doloribus ea. Est esse architecto veniam consequuntur cupiditate. Et sint omnis sequi veritatis culpa praesentium.',5,'2020-10-21 10:24:35','2020-10-21 10:24:35'),(19,37,'Perry Kautzer','Consequuntur aliquid nam cupiditate totam. Quae similique iusto molestiae dolore rerum dolor autem rerum. Et quod corrupti numquam dicta nesciunt. Et rerum totam natus at.',2,'2020-10-21 10:24:35','2020-10-21 10:24:35'),(20,8,'Kiera Rohan','Eligendi non aut ea deserunt. Commodi rerum et aspernatur. Ipsum magni excepturi amet impedit facilis quisquam deserunt animi.',2,'2020-10-21 10:24:35','2020-10-21 10:24:35'),(21,43,'Wilford Jacobson','Nemo veritatis eveniet quia atque. Fugit ut ut unde rerum architecto nostrum assumenda odio. Sit quis voluptatibus asperiores rerum repellat rem. Ut similique ea eveniet ut. Aut provident aut nobis dolorem.',0,'2020-10-21 10:24:35','2020-10-21 10:24:35'),(22,40,'Imelda Schultz','Rerum ducimus quia eaque quia tenetur iure occaecati possimus. Adipisci eligendi dicta facere. Sed placeat aut ut quas unde.',0,'2020-10-21 10:24:35','2020-10-21 10:24:35'),(23,33,'Dr. Rahul Kihn DVM','Et corrupti consequatur ad dolorem. Consequatur pariatur in a. Saepe animi ex occaecati ducimus qui corporis.',5,'2020-10-21 10:24:36','2020-10-21 10:24:36'),(24,1,'Alexander Terry','Odit corrupti dicta quis aut et ut magni. Non autem perspiciatis assumenda eum est veniam ut. Velit porro sit deserunt repellendus omnis saepe.',0,'2020-10-21 10:24:36','2020-10-21 10:24:36'),(25,42,'Prof. Elton Murray','Ea recusandae culpa nulla accusamus qui. Nulla ratione quos aut delectus id eos dolor. In soluta dolores cumque quis.',2,'2020-10-21 10:24:36','2020-10-21 10:24:36'),(26,31,'Ruben Howell DVM','Qui sunt neque natus. Vitae non libero est suscipit maxime eligendi neque molestiae. Repellat qui est est quis cum.',3,'2020-10-21 10:24:36','2020-10-21 10:24:36'),(27,26,'Ms. Kaci Lowe','Doloribus enim consectetur minus aut cum maiores culpa. Id modi omnis et fuga. At quod aut doloremque.',1,'2020-10-21 10:24:36','2020-10-21 10:24:36'),(28,45,'Bridget Luettgen','Nihil occaecati non est possimus enim. Ducimus fugit eos dolores eveniet quis. Dolor dolores nostrum voluptas expedita mollitia dolorem consequatur.',3,'2020-10-21 10:24:36','2020-10-21 10:24:36'),(29,14,'Jacklyn Stehr','Odit aut qui iste iste quia vel dolorem. Facere earum consequatur sed quia in dolorum. Id et ea amet sed. Quia et et labore perspiciatis quasi ducimus doloremque.',3,'2020-10-21 10:24:36','2020-10-21 10:24:36'),(30,25,'Dr. Alec Hamill Jr.','Molestiae ullam et dolore facere dolores doloremque aspernatur. Porro est dignissimos ipsum sed ullam. Voluptates aut error cum adipisci eveniet impedit.',5,'2020-10-21 10:24:36','2020-10-21 10:24:36'),(31,3,'Mrs. Naomi Hilpert DVM','Architecto laudantium aut id est corrupti. Qui vero qui eveniet reiciendis rem ut. Ea consequatur exercitationem distinctio pariatur dolorem quaerat eos id.',4,'2020-10-21 10:24:36','2020-10-21 10:24:36'),(32,35,'Dr. Dawson Hamill DVM','Saepe saepe distinctio fugit voluptatem fugit. Nobis voluptates beatae sed tempora.',0,'2020-10-21 10:24:36','2020-10-21 10:24:36'),(33,32,'Aida Langosh','Deserunt quod reprehenderit fugit doloribus doloremque quia ut. Blanditiis recusandae quia dolorem voluptatem. Reprehenderit est amet veniam ullam aliquid. Praesentium ducimus sapiente est.',3,'2020-10-21 10:24:36','2020-10-21 10:24:36'),(34,20,'Ismael Stracke','Iusto eum deleniti iste omnis repudiandae eveniet rem labore. Porro similique omnis rerum reiciendis non optio sequi. Ducimus exercitationem maiores illum magni distinctio ex culpa. Omnis officiis voluptas placeat facere modi illum cum omnis.',4,'2020-10-21 10:24:36','2020-10-21 10:24:36'),(35,9,'Adela Heaney','Rerum quibusdam libero vel vitae eum eum omnis alias. Vitae dolorem est voluptates qui. Ea dignissimos velit ipsa inventore quo consequatur. Fuga vero quae veritatis molestias sed ut.',0,'2020-10-21 10:24:36','2020-10-21 10:24:36'),(36,13,'Jazmyn Kuphal Sr.','Quas occaecati magnam sequi consequuntur cupiditate quo eius assumenda. Aut voluptatem tempora voluptas ut quo libero. Vitae est suscipit modi sunt repellat ducimus.',2,'2020-10-21 10:24:37','2020-10-21 10:24:37'),(37,7,'Constance Doyle','Nihil molestias alias dolores adipisci. Repellendus omnis sit eos ipsum.',2,'2020-10-21 10:24:37','2020-10-21 10:24:37'),(38,6,'Roxanne McDermott','Veritatis et totam laboriosam illum sed perferendis minus. Dolor quis id est impedit hic quo dolorum. Sunt eos vel eius qui ut.',2,'2020-10-21 10:24:37','2020-10-21 10:24:37'),(39,4,'Bernadine Russel','Et excepturi molestiae omnis voluptatibus perspiciatis. Nostrum quam est aut in sit dolore in. Atque vel eaque suscipit quaerat magnam magnam illo. Ut quisquam veniam suscipit.',1,'2020-10-21 10:24:37','2020-10-21 10:24:37'),(40,16,'Caitlyn Ferry DVM','Vel aut voluptas eos officiis. Molestias sed harum nemo et aliquam delectus. Et ut voluptas voluptatem ab maiores provident rerum rerum.',4,'2020-10-21 10:24:37','2020-10-21 10:24:37'),(41,9,'Mrs. Maria Kulas MD','Dolorem blanditiis praesentium ullam cupiditate dolorem sit impedit. Doloremque numquam debitis provident sunt impedit eaque quam. Libero qui quaerat numquam. In expedita fugiat unde.',4,'2020-10-21 10:24:37','2020-10-21 10:24:37'),(42,9,'Dr. Delia Hamill','Quod officia qui natus quia vitae qui accusamus. Consequatur fugit quod quisquam cum voluptatibus perspiciatis. Nisi fugiat quas voluptatibus eveniet aut aut earum eaque. Et eos illo laboriosam quisquam deleniti laborum harum.',0,'2020-10-21 10:24:37','2020-10-21 10:24:37'),(43,24,'Leopoldo Baumbach','Molestiae quia quos velit eligendi quis rerum perspiciatis. Est quis aut quasi repudiandae. Molestias recusandae sapiente non consequuntur laboriosam ut et quasi. Eum et quis qui in neque.',1,'2020-10-21 10:24:37','2020-10-21 10:24:37'),(44,40,'Prof. Abelardo Homenick MD','Dolorem itaque sunt quas tempora. Quos sequi aliquam dolor quae in ut. Quaerat voluptatem et assumenda id quia velit odio ea. Officiis dolor vel harum libero ut. Officiis voluptatem numquam dolore dolor.',2,'2020-10-21 10:24:37','2020-10-21 10:24:37'),(45,14,'Otis Pacocha','Quisquam est omnis nobis sint sapiente ut. Est ut architecto eveniet tenetur et. Et fugiat distinctio inventore aut rerum similique.',4,'2020-10-21 10:24:37','2020-10-21 10:24:37'),(46,26,'Piper Waters','Ut illum voluptatem necessitatibus. Recusandae repudiandae sit rem nesciunt ut dolores et est. Natus ut quis perferendis cum modi qui impedit. Maxime minus magni vel consequuntur ratione.',5,'2020-10-21 10:24:37','2020-10-21 10:24:37'),(47,18,'Devin Lueilwitz','Dolor et possimus et minus debitis. Similique consequuntur harum occaecati. Magnam quisquam voluptatem consequatur sunt voluptatem quaerat.',2,'2020-10-21 10:24:37','2020-10-21 10:24:37'),(48,16,'Leon Jaskolski','Placeat accusamus quidem est necessitatibus. Voluptatum et et aspernatur quo illum est assumenda. Iusto fugit dolore consequatur tempore et quisquam quia.',5,'2020-10-21 10:24:37','2020-10-21 10:24:37'),(49,31,'Mr. Winfield Adams V','Illum maxime sit necessitatibus incidunt. Perspiciatis placeat animi occaecati aliquid. Vitae tenetur dolorum ipsa. Aut ab placeat omnis aut est alias voluptas. A non qui accusamus consequuntur.',0,'2020-10-21 10:24:37','2020-10-21 10:24:37'),(50,40,'Jerrod Gerlach','Ut delectus odio magni aperiam perferendis. Deleniti ipsum non voluptatem quo. Quia culpa recusandae temporibus dolores. Molestias porro voluptates similique est. Voluptas est beatae nisi et dolorem.',2,'2020-10-21 10:24:37','2020-10-21 10:24:37'),(51,33,'Mack Heathcote','Voluptatem tempora nihil repellendus. Sit pariatur beatae ducimus vel. Praesentium laborum odit commodi rem voluptatibus fugiat consequuntur nemo. Neque dolores eaque vel quidem.',0,'2020-10-21 10:24:37','2020-10-21 10:24:37'),(52,9,'Liam Hayes','Similique rerum officiis odit sapiente. Consequatur repellendus sit esse qui ut.',4,'2020-10-21 10:24:37','2020-10-21 10:24:37'),(53,33,'Mr. Paxton Hessel IV','Aut voluptas amet rerum sed. Qui consequatur tempora quia est vel perferendis earum. Et architecto delectus voluptatum ut qui assumenda.',1,'2020-10-21 10:24:37','2020-10-21 10:24:37'),(54,8,'Myrtie Schuster','Ut nihil est totam ea animi nisi est. Qui similique nostrum qui vitae est non reprehenderit. Placeat atque ipsam fugit et. Est ipsum sint voluptas laborum nihil laborum cumque facilis.',2,'2020-10-21 10:24:37','2020-10-21 10:24:37'),(55,36,'Mr. Kacey Brekke','Odio repellendus fuga rerum enim fuga. Magni enim laborum facilis harum omnis.',1,'2020-10-21 10:24:37','2020-10-21 10:24:37'),(56,26,'Prof. Monty Cummings','Nam ipsum eum quis et eos. Praesentium occaecati asperiores tempore quo quisquam quos. Distinctio dolores deleniti cum et molestiae molestiae. Quis aut iure sint.',1,'2020-10-21 10:24:38','2020-10-21 10:24:38'),(57,31,'Florence Orn','Dolore doloribus at recusandae sed. Possimus et in atque rerum consectetur laborum quod. In placeat ipsum qui dolores assumenda aut. Aut error dolor odio quo nulla ea.',1,'2020-10-21 10:24:38','2020-10-21 10:24:38'),(58,32,'Tracey Price','Soluta omnis occaecati nihil aut velit alias. Qui corrupti dolore non. Veritatis soluta laudantium consequatur sit ullam qui aut rerum.',4,'2020-10-21 10:24:38','2020-10-21 10:24:38'),(59,26,'Meggie Veum I','Dolore natus sint assumenda recusandae earum ipsum quod. Optio distinctio tempora vel nulla beatae alias voluptatibus. Fuga aut molestias omnis.',2,'2020-10-21 10:24:38','2020-10-21 10:24:38'),(60,8,'Braeden Littel','Culpa laboriosam animi qui. Rerum ex cupiditate incidunt consequatur eveniet vero et mollitia. Iste repellat aut qui aspernatur autem reiciendis aut pariatur.',0,'2020-10-21 10:24:38','2020-10-21 10:24:38'),(61,33,'Ali Kiehn','Rerum totam autem consequuntur animi. Atque id mollitia accusamus. Unde alias dignissimos vel ipsam dolorem.',4,'2020-10-21 10:24:38','2020-10-21 10:24:38'),(62,23,'Dr. Alfonzo Moore Sr.','Occaecati asperiores exercitationem sint commodi. Accusantium deserunt magni vel nesciunt assumenda. Tempora dignissimos ratione quia magnam beatae. Est alias doloremque voluptas enim nesciunt repellat.',2,'2020-10-21 10:24:38','2020-10-21 10:24:38'),(63,9,'Prof. Ruben Hand IV','Rem tempore et deserunt quis ab sint. Repellat provident dolorem impedit nemo doloribus dolores. Animi excepturi quae rem sit animi pariatur autem. Est molestiae temporibus et distinctio numquam eaque.',1,'2020-10-21 10:24:38','2020-10-21 10:24:38'),(64,27,'Lowell Bogisich','Id accusantium tempora quam ut. Sapiente nemo temporibus saepe autem est et cupiditate. Dolorem voluptas voluptatem at animi. Reprehenderit vitae laudantium nesciunt.',5,'2020-10-21 10:24:38','2020-10-21 10:24:38'),(65,47,'Greg Hoeger','Cumque mollitia consequatur ut aliquid expedita suscipit culpa libero. Amet voluptatem libero dicta consequuntur totam sequi. Libero aliquid et ea est iure.',1,'2020-10-21 10:24:38','2020-10-21 10:24:38'),(66,30,'Keegan Gleichner','Quos aut quaerat ducimus vel officiis sunt. Ullam ea labore minima fugit dicta nostrum. Vitae et cumque dolor veniam ipsa.',3,'2020-10-21 10:24:38','2020-10-21 10:24:38'),(67,13,'Ms. Mylene O\'Conner III','Voluptates sunt provident quo. Expedita est facere hic non. Aspernatur minima veritatis neque omnis. Libero adipisci aut cupiditate explicabo enim corrupti. Enim asperiores fugiat numquam.',1,'2020-10-21 10:24:38','2020-10-21 10:24:38'),(68,38,'Reece Rowe','Sunt soluta molestiae iure adipisci. Quas unde error odio. Aperiam sit distinctio ducimus quam animi perspiciatis nulla. Aliquid voluptas amet ut rerum.',2,'2020-10-21 10:24:38','2020-10-21 10:24:38'),(69,41,'Annetta Fahey','Magni aliquam laudantium sint consequuntur accusamus est incidunt. Modi sint dolor ad numquam provident saepe sit. Quas voluptas non placeat sit voluptates atque non. Voluptatum maxime molestiae animi.',4,'2020-10-21 10:24:38','2020-10-21 10:24:38'),(70,31,'Blaze Dietrich','Impedit veniam et accusantium exercitationem vero provident praesentium necessitatibus. Animi est reprehenderit fugiat illum incidunt est quia minus. Praesentium natus dolor laudantium est non.',1,'2020-10-21 10:24:38','2020-10-21 10:24:38'),(71,6,'Constantin Schaefer','Aliquid odit in recusandae et occaecati. Sit eaque suscipit consequatur autem. Eius animi consequatur laborum perferendis.',1,'2020-10-21 10:24:38','2020-10-21 10:24:38'),(72,28,'Zola Monahan','Tenetur voluptatum beatae ipsam pariatur recusandae. Dolor earum amet nam et. Vitae in in recusandae voluptatem atque.',5,'2020-10-21 10:24:38','2020-10-21 10:24:38'),(73,40,'Laron Morar','Beatae laudantium minus sunt sit culpa ullam omnis. Impedit neque maiores magni libero aut at. Vel deleniti quisquam ratione et nisi provident. Aliquid distinctio aut ea voluptatem est.',4,'2020-10-21 10:24:39','2020-10-21 10:24:39'),(74,2,'Angelita Gutkowski','Adipisci dolor deserunt adipisci. Velit quae distinctio reprehenderit assumenda quisquam quod nihil. Veritatis aspernatur cum velit eum dolor. Eum et repellendus laboriosam illum molestias ut sunt aut.',3,'2020-10-21 10:24:39','2020-10-21 10:24:39'),(75,25,'Prof. Christ Ferry I','Non quia voluptatibus sequi nulla consectetur accusantium omnis. Et explicabo illum debitis nam. Omnis ipsum earum beatae doloribus. Quibusdam ea recusandae amet quibusdam dicta quis quisquam.',4,'2020-10-21 10:24:39','2020-10-21 10:24:39'),(76,10,'Owen Powlowski Jr.','Ab amet adipisci fugiat dolore odit sunt. Ipsam hic ut ullam autem voluptas laboriosam. Ea adipisci ex voluptatum voluptatum placeat possimus quo. Dolor excepturi sit blanditiis eum quos iusto et.',5,'2020-10-21 10:24:39','2020-10-21 10:24:39'),(77,10,'Colt Hamill','Assumenda nemo dolor iste nemo sequi. Voluptatem vero qui natus excepturi soluta. Nihil minima consequuntur beatae.',3,'2020-10-21 10:24:39','2020-10-21 10:24:39'),(78,45,'Dr. Giovanni Lesch','Molestiae atque delectus dolorum non dolorem. Eum explicabo magni vel beatae unde iure. Dolores inventore blanditiis soluta unde voluptatem. Est et ipsam ut dolorem sit culpa omnis.',4,'2020-10-21 10:24:39','2020-10-21 10:24:39'),(79,19,'Prof. Lola Lockman Jr.','Labore officia voluptatum neque dolorem odit eos vitae. Ipsa enim et aperiam aut fugiat et dicta voluptas. Id optio consequuntur animi. Perspiciatis quia quidem ut placeat illo occaecati alias.',3,'2020-10-21 10:24:39','2020-10-21 10:24:39'),(80,38,'Dr. Destany Barton','Quia eos enim repellat reprehenderit totam. Maiores sit unde accusamus ea molestias labore. Nihil iure corrupti quaerat et illum id rem. Beatae minima aut odit perspiciatis non natus reprehenderit. Cupiditate sed nulla asperiores.',1,'2020-10-21 10:24:39','2020-10-21 10:24:39'),(81,30,'Prof. Anya Johnson','Dolores omnis delectus aperiam ipsum odit et. Eum quae sed rem culpa quos laborum et corrupti. Distinctio voluptas delectus est qui totam impedit et. Dicta sed eius officia sit incidunt.',1,'2020-10-21 10:24:39','2020-10-21 10:24:39'),(82,15,'Emmy Ratke','Sint magnam explicabo accusamus quisquam dignissimos enim. Eveniet adipisci vel tempora dignissimos. Molestiae amet sunt soluta rerum cupiditate ut.',3,'2020-10-21 10:24:39','2020-10-21 10:24:39'),(83,36,'Mr. Olaf DuBuque','Neque enim enim blanditiis. Omnis quis et fuga quo reiciendis. Odit molestiae est quia corrupti ut modi placeat. Illo in et architecto reprehenderit illo consectetur.',5,'2020-10-21 10:24:39','2020-10-21 10:24:39'),(84,10,'Georgiana DuBuque','Minima doloribus aut tempore velit voluptatem ipsum. Facilis ducimus voluptates adipisci. Sed consequuntur distinctio voluptates architecto quo.',4,'2020-10-21 10:24:39','2020-10-21 10:24:39'),(85,11,'Mr. Prince Ryan','Et non dolores autem sequi sed ab. Eveniet magni sequi maxime. Mollitia sequi praesentium at fugit totam numquam. Officiis atque et est praesentium rem enim ut quia.',2,'2020-10-21 10:24:39','2020-10-21 10:24:39'),(86,43,'Janick Brown','Blanditiis neque nihil excepturi. Aliquam eos unde et quia impedit recusandae. Commodi est deserunt sit qui necessitatibus animi dolores dolores. Corporis facilis id sint sed ducimus.',3,'2020-10-21 10:24:39','2020-10-21 10:24:39'),(87,39,'Dr. Bart Strosin','Labore natus quia modi dignissimos et corrupti similique rerum. Voluptatem dolorem sed odit dolor.',0,'2020-10-21 10:24:39','2020-10-21 10:24:39'),(88,20,'Mr. Lamont Bernier','Quo possimus voluptatem quis voluptas ut ipsa quasi. Cupiditate voluptas voluptatem non et. Exercitationem et quia perferendis enim doloremque pariatur.',1,'2020-10-21 10:24:39','2020-10-21 10:24:39'),(89,29,'Mollie Daniel','Aut officia praesentium aut repellendus placeat inventore quod. Ut eum quia doloremque fugit. Tempora non suscipit ullam voluptatem molestias numquam occaecati. Eos et omnis placeat fugiat et aperiam.',5,'2020-10-21 10:24:39','2020-10-21 10:24:39'),(90,47,'Tobin Goyette','Temporibus ab facere sed. Aut sequi cum aperiam. Accusantium cumque eaque esse esse dolorem.',4,'2020-10-21 10:24:39','2020-10-21 10:24:39'),(91,34,'Jaqueline Nolan','Velit iste qui vitae eaque. Magnam ut iste dicta asperiores repellendus non fugiat. Enim possimus perferendis dolores laborum aut quia.',5,'2020-10-21 10:24:39','2020-10-21 10:24:39'),(92,33,'Cleveland Maggio','Expedita aut voluptatem voluptates molestiae perferendis. Quidem eum doloremque voluptate est saepe. Aliquam consequuntur dolorem est iure nesciunt. Ipsam maxime aut non hic velit quia. Ullam voluptatem ullam reprehenderit provident.',5,'2020-10-21 10:24:40','2020-10-21 10:24:40'),(93,44,'Grace Thompson','Est repellendus vel ex quae. Et architecto non ipsa at facere ullam maxime velit. At qui dolor dolorum quis deleniti modi omnis.',3,'2020-10-21 10:24:40','2020-10-21 10:24:40'),(94,12,'Graham Sporer','Officiis quia qui rem. Corrupti distinctio cupiditate rem autem porro. Ratione voluptatibus eum minus ab consequatur. Dolores quidem et esse officia perspiciatis omnis id.',1,'2020-10-21 10:24:40','2020-10-21 10:24:40'),(95,25,'Germaine Considine','Accusamus veritatis quis qui eligendi temporibus nobis eos. Similique aliquam facilis voluptatem nam est. A cum blanditiis ipsum minus aut cumque sint. Explicabo quia qui corporis et.',0,'2020-10-21 10:24:40','2020-10-21 10:24:40'),(96,35,'Prof. Ruby Lockman','Non in aut est tenetur ut. Et vitae corrupti id velit nesciunt. Velit nihil molestias architecto corporis.',1,'2020-10-21 10:24:40','2020-10-21 10:24:40'),(97,5,'Virgil Welch Jr.','Accusantium voluptatem dignissimos nostrum est aperiam. Inventore nemo ea unde commodi perferendis quia. Consequuntur impedit ut ea minima alias. Non et quibusdam sunt et sed consequatur. Neque eos harum totam ipsa pariatur ut inventore totam.',4,'2020-10-21 10:24:40','2020-10-21 10:24:40'),(98,46,'Dr. Norval McGlynn III','Dolor iure autem labore commodi quia consequatur. Odit necessitatibus facilis ipsum et praesentium accusantium delectus.',0,'2020-10-21 10:24:40','2020-10-21 10:24:40'),(99,45,'Billy Purdy','Natus omnis nihil et eligendi voluptatem maiores. Ullam ut delectus vero accusamus accusantium porro fugit. Fugiat ab eveniet facere voluptas cumque voluptatem expedita.',1,'2020-10-21 10:24:40','2020-10-21 10:24:40'),(100,44,'Joany Fay','Aut quia est quam temporibus. Dicta non enim nihil fuga porro quis rerum. Et enim eum iure accusamus.',5,'2020-10-21 10:24:40','2020-10-21 10:24:40'),(101,6,'Levi Gusikowski','Fugiat rerum labore vel natus id. Molestias amet totam et est ab quas velit eligendi. Veritatis ea ipsam quia. Quia autem fugiat praesentium possimus.',2,'2020-10-21 10:24:40','2020-10-21 10:24:40'),(102,48,'Christiana Hamill I','Doloribus qui et nisi fuga natus sint consectetur. Et temporibus perferendis iure consectetur non est voluptate. Aut ipsam rerum est ducimus et.',4,'2020-10-21 10:24:40','2020-10-21 10:24:40'),(103,1,'Melvina Weimann DVM','Id accusantium voluptas enim eum eum et cupiditate sequi. Omnis odio tempore adipisci. Ab architecto cumque velit neque earum est. Distinctio incidunt possimus exercitationem pariatur.',1,'2020-10-21 10:24:40','2020-10-21 10:24:40'),(104,24,'Jordy Mitchell','Qui et minus explicabo dicta fuga beatae voluptatem. Sit enim quae eius vel aut. Sunt qui repellat et labore ducimus consectetur. Consequatur pariatur qui aliquam aut quod reiciendis soluta.',3,'2020-10-21 10:24:40','2020-10-21 10:24:40'),(105,28,'Dr. Maribel Gulgowski','Dolor necessitatibus vel quidem molestiae. Enim quas sint excepturi dolores reprehenderit aspernatur. Molestiae est dolorum praesentium facilis quo ea dolorum accusamus.',0,'2020-10-21 10:24:40','2020-10-21 10:24:40'),(106,15,'Prof. Ansley Boyle II','Eius voluptas quia eius reprehenderit architecto et. Ut pariatur totam atque natus.',3,'2020-10-21 10:24:40','2020-10-21 10:24:40'),(107,17,'Cordie Eichmann II','Et autem consequatur quam quae atque debitis. Quia laudantium quasi est laudantium fugiat laudantium et.',1,'2020-10-21 10:24:40','2020-10-21 10:24:40'),(108,33,'Autumn Macejkovic Jr.','Vero molestiae perferendis consequatur in ut natus asperiores. Dolore non similique quisquam provident asperiores doloribus. Iusto laborum aut ut odio. Tempora sequi qui cumque et repellat. Consequatur rerum nemo maxime eum.',5,'2020-10-21 10:24:40','2020-10-21 10:24:40'),(109,1,'Braulio Kreiger','Quasi fugit aut et magni. Praesentium natus non voluptas nihil et dignissimos corporis ipsum. Et dolorum atque repudiandae sed. Maiores saepe placeat fugiat sunt minus.',1,'2020-10-21 10:24:40','2020-10-21 10:24:40'),(110,31,'Gordon Effertz','Rerum qui magni ad perferendis omnis dignissimos. Quaerat ex laudantium numquam reprehenderit natus sit rem. Laborum quod exercitationem aut atque laborum quia. Non et rerum perferendis voluptas dolores occaecati.',1,'2020-10-21 10:24:41','2020-10-21 10:24:41'),(111,22,'Beaulah Herzog','Quaerat aut vero praesentium. Voluptas omnis dolorum non enim. Quis facilis doloribus sequi alias amet provident impedit.',1,'2020-10-21 10:24:41','2020-10-21 10:24:41'),(112,8,'Clare Schoen','Provident reprehenderit voluptatem ipsum beatae omnis atque. Voluptatem est non tenetur aut suscipit. Qui voluptate non ex labore amet dolor suscipit sequi. Non magni laborum autem voluptatem nulla laboriosam praesentium.',3,'2020-10-21 10:24:41','2020-10-21 10:24:41'),(113,1,'Meaghan Kunde I','Dolores aspernatur quisquam quis aspernatur. Non et alias cum sed dolorum temporibus. Est nobis necessitatibus autem voluptates et. Dolorum quo incidunt sunt dolorem dolor exercitationem. Unde quam minima aut dicta.',2,'2020-10-21 10:24:41','2020-10-21 10:24:41'),(114,17,'Katlynn Price','Ex perspiciatis et aspernatur reiciendis. Inventore occaecati expedita similique sint error at. Saepe est error est voluptatem veritatis. Quibusdam harum voluptatem facilis quisquam rerum non neque voluptatum.',2,'2020-10-21 10:24:41','2020-10-21 10:24:41'),(115,11,'Asha Sanford','Et ut molestias assumenda rerum ratione et molestiae voluptas. Dolorem quisquam molestiae expedita voluptatem maiores. Molestiae tempore velit quo ab voluptates beatae sed. Quaerat asperiores omnis non qui qui.',1,'2020-10-21 10:24:41','2020-10-21 10:24:41'),(116,20,'Jazmyne Mohr','Cupiditate pariatur fugiat eaque quibusdam. Eaque et sed pariatur. Et dolores ut hic quo ipsam a. Occaecati sunt voluptas asperiores voluptate.',3,'2020-10-21 10:24:41','2020-10-21 10:24:41'),(117,20,'Marlee Conn DDS','Id animi incidunt suscipit perferendis. Dolores consectetur laudantium laboriosam temporibus est corporis enim. Officiis quo autem quod.',3,'2020-10-21 10:24:41','2020-10-21 10:24:41'),(118,36,'Luigi Beahan','Odio at tempore tempora expedita. Et harum culpa maxime suscipit. Praesentium libero nostrum aut vel eum eum. Laborum enim consequatur enim rerum mollitia quas.',4,'2020-10-21 10:24:41','2020-10-21 10:24:41'),(119,50,'Kayla Schoen','Voluptatibus eos eum et aliquam porro. Pariatur quo eaque eum et illo sed. Quia ipsa qui possimus corporis. Sed omnis non provident.',4,'2020-10-21 10:24:41','2020-10-21 10:24:41'),(120,7,'Clovis Kerluke','Est quia quo occaecati tempore natus. Dignissimos non assumenda nihil expedita. Voluptatem aperiam ut accusamus. Voluptatibus fuga porro ut atque sapiente. Et praesentium dolores corrupti dolores voluptatibus excepturi dolor ut.',5,'2020-10-21 10:24:41','2020-10-21 10:24:41'),(121,24,'Wyatt Bailey','In aut assumenda numquam eum. Labore ullam consequatur porro cumque non quia. Aut adipisci non neque excepturi quae veritatis. Nulla nobis sit exercitationem doloremque.',1,'2020-10-21 10:24:41','2020-10-21 10:24:41'),(122,1,'Prof. Zachery Smitham IV','Et perspiciatis voluptatem tempore enim quaerat labore. Sapiente eum et quam iusto perspiciatis maiores eius. Et ipsam ad molestiae alias qui sed.',1,'2020-10-21 10:24:41','2020-10-21 10:24:41'),(123,32,'Prof. Buster Stiedemann I','Et dolor nesciunt error quod cum saepe. Eum numquam qui rerum similique aliquam mollitia sunt. Facere repudiandae et molestias quia sunt laboriosam tempore. Quia sunt consequatur eius.',4,'2020-10-21 10:24:41','2020-10-21 10:24:41'),(124,46,'Ms. Aiyana Ankunding II','Possimus repudiandae illum velit suscipit quas. Quia adipisci non dolorem facere vel molestiae. Id ad sapiente non ex non voluptates reiciendis. Autem quia eligendi quia possimus quaerat sed.',1,'2020-10-21 10:24:41','2020-10-21 10:24:41'),(125,37,'Jared Zemlak Jr.','Unde omnis quis est beatae nam. Quia odit quia exercitationem aut repellendus.',1,'2020-10-21 10:24:41','2020-10-21 10:24:41'),(126,19,'Miss Zula Sporer DDS','Aperiam hic deserunt est aperiam qui. Ut in harum dolor beatae autem. Ut placeat sapiente eum eum distinctio sint molestiae. Aliquam hic consectetur quibusdam.',5,'2020-10-21 10:24:41','2020-10-21 10:24:41'),(127,47,'Mrs. Janelle Dach','Distinctio corporis ipsum fugiat voluptatem ipsam iure. Deleniti veniam omnis est alias. Dolore placeat earum veniam et est. Illum error eos molestiae aliquid omnis.',3,'2020-10-21 10:24:41','2020-10-21 10:24:41'),(128,5,'Jany Gerlach','Non saepe ex quod explicabo quia et. Blanditiis accusantium laboriosam doloribus quaerat et esse. Tenetur omnis suscipit sequi nam. Ex magni fugit architecto.',3,'2020-10-21 10:24:41','2020-10-21 10:24:41'),(129,49,'Lucinda Wolff','Labore id et non ipsum quidem expedita dolores. Vel porro tempore quidem debitis et magnam. Enim sit aut sequi asperiores. A consequuntur nostrum odio culpa ullam necessitatibus amet.',3,'2020-10-21 10:24:41','2020-10-21 10:24:41'),(130,1,'Dr. Royce Corwin','Voluptate voluptatibus sequi expedita consectetur quasi vel voluptatem. Assumenda quas minus ut est modi. Ea illo quis et.',2,'2020-10-21 10:24:42','2020-10-21 10:24:42'),(131,36,'Daphney Glover','Omnis natus officiis inventore vel aut possimus. Nisi rem aliquam corporis commodi. Est molestiae maiores et facere qui. Eum eos nihil eaque omnis voluptatem qui.',3,'2020-10-21 10:24:42','2020-10-21 10:24:42'),(132,8,'Narciso Fritsch PhD','Quo voluptas sed totam aut. Voluptatem consequuntur et atque enim recusandae est. Fugiat unde molestias et.',2,'2020-10-21 10:24:42','2020-10-21 10:24:42'),(133,47,'Ramona Weimann','Veritatis quas et consequuntur dolores rerum. Architecto ad ipsum velit. Itaque dolorem veritatis non. Eum totam illo temporibus perferendis.',1,'2020-10-21 10:24:42','2020-10-21 10:24:42'),(134,7,'Schuyler Kris','Temporibus eos voluptas deserunt omnis nisi beatae. Itaque dignissimos cum alias laudantium. Vel quo neque veniam culpa.',5,'2020-10-21 10:24:42','2020-10-21 10:24:42'),(135,46,'Johnny Dooley','Quia nam eius officiis sit. Magnam sit et fuga at ipsum voluptas reprehenderit. Accusamus aliquid ut qui alias accusamus iure. Quo ut saepe et minus rem et minus. Facere quia qui unde autem ipsam dolor.',0,'2020-10-21 10:24:42','2020-10-21 10:24:42'),(136,15,'Chet Walsh','Hic accusantium corrupti autem et nam. Repudiandae ad maiores dolores dolor commodi. Facilis consequatur odit harum suscipit ipsum pariatur quidem. Provident dolorem eligendi debitis maxime ad minima.',4,'2020-10-21 10:24:42','2020-10-21 10:24:42'),(137,33,'Jayda Yundt','Eum ipsam iusto laboriosam dolorem. Ab dolores sed voluptas occaecati quia.',4,'2020-10-21 10:24:42','2020-10-21 10:24:42'),(138,36,'Anastasia Schmitt','Doloribus veniam nihil dolorem vero quas culpa earum. Dolorem vitae aliquid quo inventore. Dolorem a quos aut dolor. Est inventore ut quia ut nostrum.',5,'2020-10-21 10:24:42','2020-10-21 10:24:42'),(139,3,'Adrien Harber','Quia aut tempore est qui quia. Optio blanditiis quia sed rerum ut. Vel rerum ea commodi. Voluptas vero assumenda a aut esse asperiores adipisci.',1,'2020-10-21 10:24:42','2020-10-21 10:24:42'),(140,42,'Alexis Bode','Tempore voluptatem commodi autem et veritatis. Dolores consequatur minus ut ut excepturi. Est molestiae laudantium mollitia blanditiis quia est optio. Non enim rerum fugiat nihil similique qui.',1,'2020-10-21 10:24:42','2020-10-21 10:24:42'),(141,24,'Aiden Davis','Voluptatem accusamus sed aut enim et laborum veritatis molestias. Est voluptatem hic vel repellendus et asperiores adipisci. Ipsa odit numquam sit ut.',1,'2020-10-21 10:24:42','2020-10-21 10:24:42'),(142,20,'Jayda Romaguera MD','Sequi quae magni aut quidem provident error iusto. Non minus omnis aspernatur deleniti. Minima et quidem similique doloremque velit.',1,'2020-10-21 10:24:42','2020-10-21 10:24:42'),(143,28,'Paolo Spinka V','Molestias non natus doloribus rerum enim voluptatem assumenda. Modi aut ratione rem ut et facilis quia. Porro labore in sit totam id excepturi qui. Molestias qui veritatis tenetur harum dicta.',4,'2020-10-21 10:24:42','2020-10-21 10:24:42'),(144,25,'Marina Lemke DVM','Tenetur dicta omnis perspiciatis qui. Labore autem ut atque. Beatae laudantium quia modi ea eum quas.',1,'2020-10-21 10:24:42','2020-10-21 10:24:42'),(145,49,'Dr. Alvah Ortiz IV','Et dolor eos et iste inventore quis consequatur. Omnis rerum quo alias quasi ratione et non deleniti. Consequatur dolores in et qui. Voluptatum rerum molestias aut ipsa.',4,'2020-10-21 10:24:42','2020-10-21 10:24:42'),(146,35,'Miss Annabelle Cormier','Non voluptates voluptas quaerat. Qui necessitatibus harum voluptatem. Beatae quia dolorem cupiditate.',2,'2020-10-21 10:24:42','2020-10-21 10:24:42'),(147,35,'Larissa Satterfield','Laudantium aspernatur debitis sequi qui ducimus recusandae vitae. Illo placeat molestias ut modi a consequatur ut. Repellendus omnis quis deserunt sint explicabo inventore minus.',2,'2020-10-21 10:24:42','2020-10-21 10:24:42'),(148,15,'Hettie Kuvalis','Illo voluptatem et eveniet dolor. Dolores et ut deserunt ut ut. Voluptatem ut ut aut reiciendis dolorem corrupti aut.',0,'2020-10-21 10:24:42','2020-10-21 10:24:42'),(149,50,'Mr. Coleman Haag II','Velit tempora deserunt atque perferendis velit. Rerum fugit neque illum atque quae voluptates. Nostrum non error mollitia consequuntur.',2,'2020-10-21 10:24:42','2020-10-21 10:24:42'),(150,24,'Ms. Kari Mante','Aut unde similique aut blanditiis natus cupiditate. Ducimus quidem voluptatem pariatur tempora rerum consequatur ducimus. Animi fuga a iste atque vel. Reiciendis in quo ullam exercitationem est voluptatem.',0,'2020-10-21 10:24:42','2020-10-21 10:24:42'),(151,27,'Miss Magdalen Corkery III','Laboriosam quod est aliquid nulla aut velit. Omnis ut itaque rem aut sint velit alias. Et non incidunt omnis.',2,'2020-10-21 10:24:42','2020-10-21 10:24:42'),(152,14,'Ms. Reina Stanton PhD','Aut voluptatem saepe nostrum dolor. Vel et alias libero sed. Blanditiis voluptatem soluta eveniet saepe et beatae enim.',2,'2020-10-21 10:24:42','2020-10-21 10:24:42'),(153,50,'Jeramy Herman','Et quo dignissimos provident libero laudantium qui harum. Rem voluptatem cupiditate eos atque.',5,'2020-10-21 10:24:42','2020-10-21 10:24:42'),(154,19,'Prof. Dakota Jenkins','Sint natus est qui quia et ab numquam. Alias placeat inventore pariatur optio dolor facilis. Ea quia est facilis omnis sed veniam architecto.',3,'2020-10-21 10:24:43','2020-10-21 10:24:43'),(155,18,'Jarrod Hammes','Culpa qui eos tempore omnis modi dolorum voluptatum. Possimus suscipit dolorem praesentium eaque cum. Neque dolor qui eligendi aspernatur.',4,'2020-10-21 10:24:43','2020-10-21 10:24:43'),(156,28,'Lula Yundt','Est itaque non deleniti error repellendus earum. Beatae aliquid quam consequatur et veniam in odio ut. Enim suscipit sunt voluptatibus numquam voluptas dolore qui. Occaecati iusto omnis veritatis nesciunt.',5,'2020-10-21 10:24:43','2020-10-21 10:24:43'),(157,49,'Ellie Kemmer','Quis aut voluptatem quod et. Ut et ut ut. Iure amet illo itaque corrupti pariatur ratione. Consectetur similique soluta nostrum quisquam corrupti.',3,'2020-10-21 10:24:43','2020-10-21 10:24:43'),(158,34,'Nels Becker V','Illum voluptate esse eos similique sint numquam. Iste autem enim qui cum.',4,'2020-10-21 10:24:43','2020-10-21 10:24:43'),(159,29,'Rory Cremin','Consectetur sint temporibus iste occaecati eius. Quis natus cum repellat.',5,'2020-10-21 10:24:43','2020-10-21 10:24:43'),(160,35,'Jonas Grant','Iusto a dolores quibusdam debitis repellat enim veritatis. Corrupti ut eligendi quaerat atque repellat non. Aliquam minima voluptates tenetur consequatur corporis aut.',0,'2020-10-21 10:24:43','2020-10-21 10:24:43'),(161,30,'Jaunita Gerlach MD','Rerum perspiciatis quisquam sed iste error. Deserunt alias aspernatur ut. Provident in vitae quos rerum rerum. Voluptates ut sed incidunt et enim iste. Sequi voluptate consequuntur quaerat nemo.',3,'2020-10-21 10:24:43','2020-10-21 10:24:43'),(162,24,'Kurtis Treutel II','Culpa sint dolores veniam explicabo. Qui consectetur aut consequatur voluptates exercitationem assumenda. Necessitatibus explicabo autem reiciendis fugit consectetur maxime et.',0,'2020-10-21 10:24:43','2020-10-21 10:24:43'),(163,2,'Karine Ritchie III','Aliquam cupiditate consequatur aperiam. Expedita error autem ipsam quod labore tempora ipsam. Repellendus distinctio eum amet porro laboriosam molestiae neque.',5,'2020-10-21 10:24:43','2020-10-21 10:24:43'),(164,48,'Ms. Lucie Padberg','Totam nobis ipsum excepturi doloremque. Rerum ad amet distinctio suscipit. Reiciendis eaque magni commodi. Nemo quam ut cum accusantium voluptatibus dolorem. Iusto quibusdam excepturi nam provident hic.',3,'2020-10-21 10:24:43','2020-10-21 10:24:43'),(165,43,'Immanuel Veum','Porro maxime omnis voluptatibus eius autem illum aut. Velit itaque perspiciatis dolore temporibus soluta repellendus. Numquam perferendis quasi nisi cumque et rerum. Qui debitis quia delectus sit nobis veniam.',2,'2020-10-21 10:24:43','2020-10-21 10:24:43'),(166,45,'Mrs. Karli Luettgen V','Excepturi repellendus dolorum optio sapiente repudiandae labore. Hic debitis quia impedit suscipit ad qui necessitatibus. Eaque et explicabo quia aperiam et minima qui. Consequuntur ut qui sit corporis fugiat.',5,'2020-10-21 10:24:43','2020-10-21 10:24:43'),(167,12,'Odell Runolfsdottir','Officiis tempora atque nam rerum et atque itaque. At sint delectus animi tenetur numquam ut voluptate. In qui accusantium consequatur et distinctio repellat. Quod in reiciendis corporis.',2,'2020-10-21 10:24:43','2020-10-21 10:24:43'),(168,9,'Idella Yundt','Architecto nostrum nemo deserunt voluptatum rerum voluptas est consequatur. Et perspiciatis commodi qui eum a quis voluptatem. Non temporibus itaque natus. Illum deserunt et molestiae eius. Fugiat laudantium iusto et consectetur in omnis.',3,'2020-10-21 10:24:43','2020-10-21 10:24:43'),(169,46,'Obie Ratke','Maxime facilis repellendus omnis aut dignissimos qui unde. Rem voluptatibus excepturi vel soluta ut. Officia minus delectus id quos quas sed. Sint qui ea ex saepe quidem corporis.',0,'2020-10-21 10:24:43','2020-10-21 10:24:43'),(170,1,'Rozella Zemlak Sr.','Voluptas odio ea perferendis quaerat. Voluptas provident sed rerum sed aspernatur ad earum. Quia illo error ea dolor consequuntur.',3,'2020-10-21 10:24:43','2020-10-21 10:24:43'),(171,42,'Arlo Dibbert','Consequatur dolorem explicabo ex eius sapiente esse. Magnam et quia modi voluptas eum. Aliquid maiores est dolor saepe non dolor. Eum nisi cupiditate non omnis aut nulla voluptatum.',3,'2020-10-21 10:24:43','2020-10-21 10:24:43'),(172,19,'Prof. Sigmund Considine Jr.','Quia ut aut repellendus et. Eum enim nulla nihil ullam. Ducimus nesciunt ut reiciendis porro. Magnam harum quam aperiam laboriosam quia voluptatem.',3,'2020-10-21 10:24:43','2020-10-21 10:24:43'),(173,4,'Dayana Collins DDS','Suscipit provident sed id itaque. Tempore asperiores sed dolore doloremque voluptatem ipsa eos. Exercitationem et vitae rerum. Nam praesentium dolores dicta ullam neque maxime.',3,'2020-10-21 10:24:43','2020-10-21 10:24:43'),(174,15,'Prof. Triston Collier','Dignissimos laudantium animi deleniti et aut dolores omnis. Doloremque culpa autem non earum sapiente hic facere. Molestiae perferendis ad quidem rerum harum quaerat. Ducimus velit dicta quas ratione.',3,'2020-10-21 10:24:43','2020-10-21 10:24:43'),(175,13,'Loyal Hahn','Maxime dolores hic recusandae esse. Facere enim ex quo aliquam. Distinctio qui sequi quis eum.',4,'2020-10-21 10:24:43','2020-10-21 10:24:43'),(176,10,'Cristal Thiel','Dolor incidunt fugit id aut molestiae. Assumenda fugit eius maxime dolorum omnis qui. Accusamus aut facilis reprehenderit.',3,'2020-10-21 10:24:43','2020-10-21 10:24:43'),(177,8,'Joel Sanford','Aperiam et consequatur quam vel molestiae adipisci. Dolores pariatur illum incidunt minus et sed pariatur ex. Asperiores accusamus suscipit culpa. Est placeat velit animi in enim. Voluptatum est voluptate a autem necessitatibus.',0,'2020-10-21 10:24:43','2020-10-21 10:24:43'),(178,42,'Prof. Amir Rolfson Jr.','Distinctio id laboriosam expedita libero quidem assumenda. Unde ipsa qui saepe enim earum.',1,'2020-10-21 10:24:43','2020-10-21 10:24:43'),(179,43,'Dr. Eliane Kirlin','Esse et excepturi quibusdam quos voluptas similique. Est et eum reiciendis eos. Qui velit autem error aperiam rerum. Saepe ratione quia sunt mollitia et totam.',4,'2020-10-21 10:24:43','2020-10-21 10:24:43'),(180,6,'Dr. Mckenzie Osinski IV','Corrupti repellat fugit magnam sed adipisci explicabo. Ex quaerat doloribus et vero qui est molestiae. Ut ut quibusdam sunt ut nisi ea. Praesentium corporis voluptatem cum ipsa quas nihil et.',0,'2020-10-21 10:24:44','2020-10-21 10:24:44'),(181,38,'Alexis Shields','Veniam saepe ab est. Sed aut veritatis officiis fugit. Ab molestiae voluptatum dignissimos consectetur soluta et.',3,'2020-10-21 10:24:44','2020-10-21 10:24:44'),(182,38,'Berneice White','Rerum libero eum non facilis. Sequi dolores repellendus deleniti. Occaecati perferendis eius nam ab soluta harum. Consectetur aut minus odio cum.',3,'2020-10-21 10:24:44','2020-10-21 10:24:44'),(183,24,'Chelsea Hackett','Dolor nulla voluptate dolores saepe ducimus deserunt est aspernatur. Dolores quia eveniet et error. Magni quos quas inventore omnis non facilis enim.',4,'2020-10-21 10:24:44','2020-10-21 10:24:44'),(184,1,'Iliana Christiansen','Voluptatum nam sit dolorem corrupti. Laborum ex sint quo sed atque qui dignissimos. Laudantium ad qui ut facilis quia. Est nemo est dolorem iste quasi excepturi.',0,'2020-10-21 10:24:44','2020-10-21 10:24:44'),(185,37,'Orville Lowe','Consequuntur et velit quia ipsa tempora. Dolorum nisi odio excepturi modi quibusdam qui. Quia quia at blanditiis esse.',5,'2020-10-21 10:24:44','2020-10-21 10:24:44'),(186,36,'Prof. Beulah Kuphal','Voluptas accusamus eum ipsam nisi dicta fuga. Eaque officia incidunt veritatis sed adipisci sunt. Omnis quae velit voluptatem at alias. Vel qui debitis repellat voluptatem aut quos tempora accusamus.',4,'2020-10-21 10:24:44','2020-10-21 10:24:44'),(187,30,'Vivienne Bruen','Commodi perspiciatis maiores maiores voluptas beatae mollitia optio. Delectus ut sint nisi sapiente molestias. Iste reiciendis sed quia ad. Qui itaque reiciendis distinctio error aspernatur eos.',4,'2020-10-21 10:24:44','2020-10-21 10:24:44'),(188,18,'Norma Williamson','Eveniet aut autem minus perspiciatis. Corporis et aut fugiat qui. Iste nisi consequatur eligendi nesciunt voluptas aliquam. In rem dolores quia qui incidunt harum.',0,'2020-10-21 10:24:44','2020-10-21 10:24:44'),(189,33,'Mrs. Ayana Prosacco DDS','Fugit quia adipisci id. Ex est debitis eos excepturi. Maxime rem quaerat dicta corporis enim corporis perspiciatis.',2,'2020-10-21 10:24:44','2020-10-21 10:24:44'),(190,24,'Miss Candace Legros','Qui aliquid tempora sunt repellendus. Omnis possimus necessitatibus sequi omnis consequatur tenetur. Sunt vel placeat ut minus atque. Ullam omnis quam ex in consequatur. Aut vel voluptatum quia asperiores et distinctio.',5,'2020-10-21 10:24:44','2020-10-21 10:24:44'),(191,17,'Larissa Dach Jr.','Suscipit doloremque unde tempore aut. Eos nesciunt nihil ipsum neque corrupti aut molestiae et. Et dolores ipsum aspernatur.',1,'2020-10-21 10:24:44','2020-10-21 10:24:44'),(192,10,'Reina Lind','Adipisci quis autem ut eaque. Ut dolores dolorem veritatis dolore velit. Eos quidem aut nulla distinctio aut. Atque et accusantium sequi dicta est.',4,'2020-10-21 10:24:44','2020-10-21 10:24:44'),(193,37,'Dr. John Nikolaus II','Commodi aspernatur tempore quam rem officiis nobis. Et ullam ut aut et inventore. Qui maiores earum rerum voluptates ab labore asperiores.',3,'2020-10-21 10:24:44','2020-10-21 10:24:44'),(194,42,'Verla Bruen V','Minus dolorem veniam ut laborum alias voluptatem. Illum eveniet ut quae autem et. Eum nulla commodi voluptas consequuntur nostrum.',2,'2020-10-21 10:24:44','2020-10-21 10:24:44'),(195,41,'Prof. Santos Bednar Sr.','Autem ipsam quia corrupti iusto. Eos inventore qui eum ipsam eius veniam. Et optio consequatur nihil blanditiis delectus amet est nostrum. Repellendus quibusdam quae dolore hic sunt. Officia est architecto ut.',5,'2020-10-21 10:24:44','2020-10-21 10:24:44'),(196,14,'Phoebe Hickle','Porro sint voluptas ea maiores. A ut aut iure eos qui repellat ut.',1,'2020-10-21 10:24:44','2020-10-21 10:24:44'),(197,6,'Sallie Gulgowski','Exercitationem quia nemo ea culpa voluptatem libero neque eligendi. Eaque aliquam sed molestiae. Doloremque cumque est itaque molestias.',4,'2020-10-21 10:24:45','2020-10-21 10:24:45'),(198,33,'Carolyne Leuschke','At aperiam a consectetur iste nostrum veniam. Ut quasi accusantium non aperiam. Inventore neque praesentium veniam ea quo eaque at illo. Numquam nihil doloribus et architecto.',1,'2020-10-21 10:24:45','2020-10-21 10:24:45'),(199,47,'Dr. Emmy Watsica','Ab quam nulla natus iusto cumque nam ad. Quo autem aliquid provident dolor. Qui vero architecto non tempora quam. Dolores minus iure aut dicta enim inventore officia sed.',3,'2020-10-21 10:24:45','2020-10-21 10:24:45'),(200,50,'Prof. Caleigh Schultz Sr.','Voluptatibus cum magni consequuntur consequatur cupiditate consequuntur. Explicabo exercitationem qui in porro voluptates nihil vero ut. Aut consectetur sit possimus modi omnis voluptas totam.',1,'2020-10-21 10:24:45','2020-10-21 10:24:45'),(201,40,'Ms. Maryjane Stiedemann V','Ut totam omnis nisi ut id officia. Ipsum debitis et quo velit. Suscipit beatae nihil repellat et. Assumenda et aut est dolorum corporis nihil vel.',2,'2020-10-21 10:24:45','2020-10-21 10:24:45'),(202,48,'Dr. Devyn Klocko','Consequatur alias esse suscipit accusantium qui iusto non. Fuga sit ut ducimus quaerat quia in est. Et ratione explicabo eligendi dolore rem.',3,'2020-10-21 10:24:45','2020-10-21 10:24:45'),(203,29,'Roy Kub','Officia quod aut possimus dolor aliquam saepe. Voluptas sed laborum cupiditate ut explicabo vitae. Corrupti nobis dolores accusantium rerum et nisi nemo.',5,'2020-10-21 10:24:45','2020-10-21 10:24:45'),(204,3,'Olaf McClure','Quae eum quibusdam pariatur tempore ad. Quam quos aliquam fugit quo in perspiciatis itaque. Ut illo officia omnis esse.',0,'2020-10-21 10:24:45','2020-10-21 10:24:45'),(205,9,'Ms. Elouise Pagac V','Modi consequuntur aperiam voluptatibus error deleniti. Quo nisi assumenda excepturi cupiditate ut maiores. A reiciendis quas modi et et quis. Perspiciatis et cum quisquam sed et.',4,'2020-10-21 10:24:45','2020-10-21 10:24:45'),(206,46,'Korbin Harvey','Nihil qui ullam nemo et. Quidem sit consequatur quidem quis nisi adipisci. Sint laudantium reprehenderit in dolorem occaecati dignissimos earum alias. Quisquam maiores rerum molestias sunt non et modi et.',2,'2020-10-21 10:24:45','2020-10-21 10:24:45'),(207,9,'Emery O\'Hara','Dolores facilis doloribus laboriosam excepturi illum ullam ut adipisci. Vel earum ipsam et aliquid. Dignissimos rerum vero voluptate minus. Omnis alias laudantium minus dolorem expedita.',0,'2020-10-21 10:24:45','2020-10-21 10:24:45'),(208,19,'Mr. Henry Maggio Jr.','Quia dolores qui sunt. Necessitatibus maiores et tempora fugit. Corporis consequuntur libero et et tempora quia. Fugit enim repellendus dolorum ullam eum excepturi sit numquam.',4,'2020-10-21 10:24:45','2020-10-21 10:24:45'),(209,9,'Prof. Douglas Hane','Accusamus odit natus qui enim. Placeat sequi veniam sit nam soluta eos vel. Dolorum ullam ut corrupti quia enim nihil.',3,'2020-10-21 10:24:45','2020-10-21 10:24:45'),(210,39,'Terrell Hudson Sr.','Minus quisquam ut voluptatem consequuntur ab et maiores. Accusantium in aut dolorem dolore laborum iure ullam. Est est laborum qui tenetur voluptatem quo nemo. Repellendus expedita et dolores.',5,'2020-10-21 10:24:45','2020-10-21 10:24:45'),(211,30,'Vita Mosciski','Sunt animi repellendus ducimus. Dignissimos cumque placeat est at. Magnam sunt nisi et nostrum aut perferendis corrupti.',2,'2020-10-21 10:24:45','2020-10-21 10:24:45'),(212,16,'Meda Konopelski','Ut eos suscipit ut. Numquam sit repudiandae voluptatem officiis maiores et. Eligendi ab similique et dolorem ipsam quae ratione.',5,'2020-10-21 10:24:45','2020-10-21 10:24:45'),(213,50,'Keeley Hane V','Cum sapiente ipsum perferendis exercitationem eos. Dolor fugit mollitia quidem excepturi inventore in. Et architecto est quas. Aliquid fugit exercitationem deleniti delectus doloribus alias perferendis.',4,'2020-10-21 10:24:45','2020-10-21 10:24:45'),(214,14,'Alphonso Rau','Quas ipsam aut perspiciatis cumque. Error sapiente dignissimos illo minima sit accusantium adipisci. Vel voluptas et adipisci enim modi quos. Dolores aspernatur quibusdam ex est incidunt.',3,'2020-10-21 10:24:45','2020-10-21 10:24:45'),(215,27,'Kattie Cummerata','Rerum in voluptate illo et veniam. Perferendis numquam est quis eius facilis et. Sunt ducimus officiis est dolores praesentium ut. Nostrum libero amet rerum quam et delectus dolores cupiditate.',0,'2020-10-21 10:24:45','2020-10-21 10:24:45'),(216,29,'Ernesto Boyer','Cupiditate magnam quo dolor corporis. Aut consequuntur temporibus necessitatibus mollitia. Ab qui laborum et ut error modi.',3,'2020-10-21 10:24:45','2020-10-21 10:24:45'),(217,37,'Addison Dicki II','Consectetur sint quisquam dicta veritatis et optio. Quis optio id quo. Odio rerum accusamus magnam voluptate.',1,'2020-10-21 10:24:45','2020-10-21 10:24:45'),(218,33,'Oscar Ferry II','Laudantium similique tenetur qui dolore cumque nihil illo. Harum quod incidunt cumque asperiores cupiditate et. Quia et natus aut reiciendis tempora.',2,'2020-10-21 10:24:45','2020-10-21 10:24:45'),(219,15,'Kenyon Abshire','Sapiente odio eligendi est. Aspernatur occaecati ex veniam. Eos qui et qui. Impedit asperiores nemo maiores exercitationem excepturi illum enim cumque.',0,'2020-10-21 10:24:45','2020-10-21 10:24:45'),(220,12,'Vidal Wolff V','Ipsam vel recusandae dolorum repellat sapiente dolores. Dolores quasi quos consequatur consequatur. Quis recusandae voluptatem explicabo sequi voluptates ut adipisci nesciunt. Sunt atque reprehenderit eum quis ad.',4,'2020-10-21 10:24:45','2020-10-21 10:24:45'),(221,29,'Trey Bins','Reiciendis asperiores consequatur explicabo nobis. Qui dolorum sed qui rem eligendi sequi cumque. Perspiciatis dicta unde nihil.',3,'2020-10-21 10:24:45','2020-10-21 10:24:45'),(222,48,'Audreanne Stark MD','Sint quo autem aperiam ullam dolorem sit et adipisci. Reprehenderit cupiditate illo et enim est officia quod. Et non rerum accusamus sequi error id ab ut. Minima sapiente voluptas placeat non mollitia impedit.',1,'2020-10-21 10:24:45','2020-10-21 10:24:45'),(223,50,'Major Osinski DVM','Velit ducimus in consequuntur libero maxime. Enim dolores veniam ut enim labore. Necessitatibus repellendus veritatis aut fugiat voluptatem.',1,'2020-10-21 10:24:45','2020-10-21 10:24:45'),(224,12,'Jordyn Cremin','Esse beatae voluptatibus et rerum et. Fugiat non velit nihil fugit dolore rerum. Soluta itaque velit explicabo nostrum.',2,'2020-10-21 10:24:46','2020-10-21 10:24:46'),(225,44,'Pierre Cruickshank','Nostrum est ipsam consequuntur eum. Hic unde repudiandae laborum ea molestiae. Debitis est et quo a.',4,'2020-10-21 10:24:46','2020-10-21 10:24:46'),(226,3,'Miss Kavon Simonis','Harum nemo ullam corporis laboriosam. Repudiandae dolorum temporibus iusto aut assumenda.',3,'2020-10-21 10:24:46','2020-10-21 10:24:46'),(227,25,'Prof. Toni Kris','Qui dolore laboriosam voluptate soluta harum et. Reiciendis modi fuga exercitationem ab. Dolorem et ipsa qui eum. Explicabo reprehenderit et vitae nulla cupiditate eos qui. Eum voluptatem necessitatibus et eveniet enim.',2,'2020-10-21 10:24:46','2020-10-21 10:24:46'),(228,22,'Mr. Ludwig Lockman','Aut libero sit repellat culpa assumenda itaque. Facere minus consectetur neque. Atque sed ut facilis et ipsam id nobis in. Aut quo fugiat provident alias ut. Vitae in non illum consectetur libero.',3,'2020-10-21 10:24:46','2020-10-21 10:24:46'),(229,27,'Meggie Schowalter','Quae veniam voluptatem dicta ut. Nisi error similique similique voluptates. Et magni qui dolores optio rem tempora possimus.',1,'2020-10-21 10:24:46','2020-10-21 10:24:46'),(230,43,'Elisa Corkery','Aliquam nulla aut qui non. Excepturi est et id. Aut officia dolorum non laboriosam doloribus quae.',3,'2020-10-21 10:24:46','2020-10-21 10:24:46'),(231,26,'Dr. Kayli Walker','Aut sapiente molestiae provident vel et recusandae. Quia hic ipsa animi quisquam accusantium.',1,'2020-10-21 10:24:46','2020-10-21 10:24:46'),(232,29,'Terrance Cummings','Autem commodi est blanditiis commodi vero possimus aut suscipit. Ut voluptatem ut quis consequatur eligendi. Sapiente dolore ratione eum.',5,'2020-10-21 10:24:46','2020-10-21 10:24:46'),(233,46,'Mrs. Vivian Bailey III','Dicta recusandae sunt numquam odit. Dicta quasi voluptatem qui. Iste porro nulla voluptas cupiditate. Nesciunt nostrum eaque ea velit dolores quo in.',5,'2020-10-21 10:24:46','2020-10-21 10:24:46'),(234,13,'Dr. Jackie Bauch','Aut possimus omnis vero sint. Reprehenderit dolore excepturi velit rem. Natus voluptatem et fugiat optio dolores hic tenetur.',0,'2020-10-21 10:24:46','2020-10-21 10:24:46'),(235,28,'Dr. Jan Deckow IV','Minima sed rerum in nisi sed tempora minus. Aspernatur deserunt hic alias cum optio excepturi cumque. Id commodi qui inventore et.',4,'2020-10-21 10:24:46','2020-10-21 10:24:46'),(236,50,'Cecil Torp','Aut velit eos quod iste placeat dicta. Rerum atque fugiat beatae distinctio. Tenetur nobis placeat molestias cumque corrupti illum et.',4,'2020-10-21 10:24:46','2020-10-21 10:24:46'),(237,16,'Alvah Wiegand','Dolores aut quis fugiat assumenda nostrum. Aut qui id alias amet. Ratione nihil non provident explicabo ad.',1,'2020-10-21 10:24:46','2020-10-21 10:24:46'),(238,25,'Deangelo Senger','Ut architecto sed autem enim delectus. Repellendus labore iure ut ut quaerat nostrum. Quod laboriosam ut aut mollitia non est. Eveniet beatae tenetur dolores iusto voluptas. Voluptatem illo et doloremque perferendis quia ullam.',4,'2020-10-21 10:24:46','2020-10-21 10:24:46'),(239,30,'Mr. Jefferey Jacobs','Sint dicta in eaque magnam rerum ut eligendi. Minima delectus sint fugit nulla est eveniet ipsa. Optio nihil eum consequuntur quis.',1,'2020-10-21 10:24:46','2020-10-21 10:24:46'),(240,4,'Alanna Spinka','Facere aliquid fuga repudiandae molestiae ratione architecto explicabo. Omnis doloremque reprehenderit est maiores dolore accusantium nulla. Voluptate impedit ea temporibus voluptas. Aperiam saepe consectetur molestias repudiandae id dolorem ullam.',5,'2020-10-21 10:24:46','2020-10-21 10:24:46'),(241,12,'Gage Goldner DVM','Reiciendis molestiae ad hic excepturi. Commodi et hic esse nobis reiciendis. Debitis et sint quasi autem praesentium est dolorem esse.',2,'2020-10-21 10:24:46','2020-10-21 10:24:46'),(242,33,'Lincoln Cremin DVM','Ea in ut itaque. Id voluptatem mollitia dolor. Mollitia rerum omnis eum rerum doloribus officiis. Dolorem non est labore excepturi quo aut.',4,'2020-10-21 10:24:46','2020-10-21 10:24:46'),(243,1,'Chase Ernser','Porro perspiciatis cupiditate sint dolor. Pariatur consequatur est magnam doloribus.',3,'2020-10-21 10:24:46','2020-10-21 10:24:46'),(244,37,'Alvena Crooks','Quam voluptate commodi quos dolores omnis et. Quam animi ut inventore nostrum. Doloribus totam cupiditate rerum et.',5,'2020-10-21 10:24:46','2020-10-21 10:24:46'),(245,31,'Dr. Regan Lind MD','Cum aliquid et est eveniet maxime. Facilis cumque animi nesciunt. Deleniti ratione est et itaque reiciendis similique. Sit sunt tempore nulla necessitatibus ut. Aut laborum ipsam tempore est.',5,'2020-10-21 10:24:46','2020-10-21 10:24:46'),(246,14,'Kody Langworth DVM','Modi deleniti a nulla voluptas. Labore sequi possimus et nobis incidunt quis. Sed quas saepe est est aperiam quas quo.',4,'2020-10-21 10:24:46','2020-10-21 10:24:46'),(247,42,'Jamaal Konopelski','Ut soluta molestias eum nesciunt eos. Aperiam sed vero ipsum aut est veritatis consectetur. Consequuntur architecto possimus iste officia dolorem enim optio error.',1,'2020-10-21 10:24:46','2020-10-21 10:24:46'),(248,47,'Thad Klocko','Dicta quia ut itaque ratione dolores amet magni. Ipsum incidunt minus nesciunt doloribus. Eos enim aut quae.',4,'2020-10-21 10:24:47','2020-10-21 10:24:47'),(249,26,'Fred Schoen','Accusantium nesciunt pariatur quia aperiam ratione cupiditate a velit. Reiciendis et nemo consequuntur quia saepe quis vitae. Repudiandae debitis non aut illo est beatae.',3,'2020-10-21 10:24:47','2020-10-21 10:24:47'),(250,3,'Seamus Halvorson','Eligendi consequatur est fuga sit et. Deleniti minima perspiciatis quasi. Consequuntur vitae quisquam aut optio iure omnis earum.',1,'2020-10-21 10:24:47','2020-10-21 10:24:47'),(251,9,'Hudson Spinka','Voluptates sunt deserunt eos expedita nam eaque rerum. Accusamus vitae rerum laudantium. Nihil nihil neque eius. Voluptate mollitia odit libero animi ea corrupti ut. Qui beatae nobis incidunt sint.',2,'2020-10-21 10:24:47','2020-10-21 10:24:47'),(252,10,'Dr. Zakary Bradtke','Officia adipisci qui vel corrupti. Inventore tenetur dolore nihil expedita soluta quam.',2,'2020-10-21 10:24:47','2020-10-21 10:24:47'),(253,4,'Willow Okuneva','Quis officiis earum quibusdam voluptates esse est eos molestiae. Non qui est quia qui quod aut molestiae accusantium. Laboriosam et nobis dolorem eum laboriosam in. Fugit cum excepturi architecto et.',1,'2020-10-21 10:24:47','2020-10-21 10:24:47'),(254,41,'Aileen Kautzer DVM','Iste vero sit consequatur qui voluptatem explicabo. Ut commodi adipisci accusantium labore qui iste sit. Optio dolorem ducimus nihil omnis.',1,'2020-10-21 10:24:47','2020-10-21 10:24:47'),(255,6,'Kelsie Rath','Libero nihil et molestias nobis reprehenderit in. Ut odio soluta architecto rem. Cum quae voluptatum omnis aut voluptatem deleniti. Eos adipisci amet voluptatibus deleniti quia vero quibusdam. Ea exercitationem molestiae earum qui.',1,'2020-10-21 10:24:47','2020-10-21 10:24:47'),(256,31,'Noemy Pfeffer','Vel vitae eius eius est veniam libero. Unde ratione temporibus repellendus ullam corrupti nihil assumenda. Ut est sint molestias magni.',4,'2020-10-21 10:24:47','2020-10-21 10:24:47'),(257,36,'Kole Lemke','Repellat ut consequatur eius soluta. Nemo saepe quo placeat expedita molestiae. Voluptatem aperiam totam sapiente maiores aut delectus odio.',2,'2020-10-21 10:24:47','2020-10-21 10:24:47'),(258,26,'Carley Farrell','Tempore voluptas qui inventore et et ab ex. Sunt natus illum fuga omnis quo. Possimus qui fugit libero accusamus facere possimus autem.',3,'2020-10-21 10:24:47','2020-10-21 10:24:47'),(259,32,'Jonas Swaniawski DDS','Nihil necessitatibus id sint impedit magnam. Quia blanditiis odit cum illum inventore et id. Est architecto similique quia velit blanditiis ut. Dolor qui explicabo aspernatur dolor error labore.',3,'2020-10-21 10:24:47','2020-10-21 10:24:47'),(260,41,'Ned Labadie','Blanditiis velit labore repudiandae et qui est error reprehenderit. Nesciunt quam doloribus vitae unde voluptatum facilis. Rerum omnis non optio voluptatem deserunt illo. Sequi dolorem soluta fugit veniam eaque mollitia.',3,'2020-10-21 10:24:47','2020-10-21 10:24:47'),(261,3,'Darrin Zboncak','Et velit dolorem facilis quisquam non iusto. Qui tenetur consequuntur quaerat aut consectetur voluptatem id. Id non expedita similique cum.',0,'2020-10-21 10:24:47','2020-10-21 10:24:47'),(262,39,'Prof. Reilly Ratke','Quaerat quod expedita repellat excepturi laborum aperiam. Sapiente molestias sit illum repellat esse nihil rerum. Pariatur nesciunt sunt fugiat illo.',5,'2020-10-21 10:24:47','2020-10-21 10:24:47'),(263,22,'Donnie Turner MD','Similique rerum eligendi mollitia dignissimos quod vel sit. Beatae quaerat blanditiis fuga impedit ipsum et eos. Non rem minima aut quas iure minus inventore provident.',3,'2020-10-21 10:24:47','2020-10-21 10:24:47'),(264,18,'Jennings Torphy','Voluptatem optio maiores nisi sit placeat atque non. Id non quia est et aliquid.',5,'2020-10-21 10:24:47','2020-10-21 10:24:47'),(265,1,'Kaleigh Veum','Ducimus consectetur nam id officia. A ea nobis ipsum quis vel ullam reprehenderit. Porro vel debitis necessitatibus quidem quasi. Est vero nisi laudantium.',4,'2020-10-21 10:24:47','2020-10-21 10:24:47'),(266,1,'Mr. Dorcas Bernier III','Quo illum mollitia quo voluptatem sed. Inventore ut corrupti ut iste. Et adipisci non et eaque consectetur. Nisi aut sapiente illo vel officiis enim eos voluptatem.',1,'2020-10-21 10:24:47','2020-10-21 10:24:47'),(267,12,'Jeff Kuhic','Fugiat eum quos ipsa asperiores. Ducimus sint magni excepturi. Ut error possimus animi ipsum repudiandae ut. Iste modi sapiente perspiciatis enim eos ratione.',3,'2020-10-21 10:24:47','2020-10-21 10:24:47'),(268,37,'Stephon Heller','Vero assumenda vel fuga quasi est vero. Autem dolor sed sed suscipit inventore. Cumque optio iusto quia illum dolores aperiam. Nesciunt voluptas perspiciatis eligendi maxime error voluptatem aut.',2,'2020-10-21 10:24:47','2020-10-21 10:24:47'),(269,32,'Dorthy Mosciski','Quis sapiente quis itaque fugit. Omnis et ullam dolor et et commodi maxime. Velit enim adipisci repellat. Quaerat enim aut veniam beatae assumenda.',1,'2020-10-21 10:24:47','2020-10-21 10:24:47'),(270,30,'Kristian Schumm','Non molestiae quae dolores. Quos est maiores vero et labore doloremque occaecati reprehenderit. Ratione doloremque perspiciatis modi aut. Illo quasi impedit fuga nulla.',5,'2020-10-21 10:24:47','2020-10-21 10:24:47'),(271,25,'Rhett Schroeder','Exercitationem suscipit exercitationem modi nam qui ullam et perspiciatis. Sunt quis iure ut at. Animi explicabo est provident aut recusandae fugit cupiditate.',3,'2020-10-21 10:24:47','2020-10-21 10:24:47'),(272,49,'Nicholas Cronin','Itaque deleniti facere modi vel commodi aut veritatis. Qui quas sed sed ut velit earum. Ratione assumenda occaecati deleniti sapiente qui.',4,'2020-10-21 10:24:48','2020-10-21 10:24:48'),(273,48,'Eulalia Corkery','Suscipit sint recusandae neque vel. Recusandae amet ad cupiditate quae ut eveniet. Omnis provident quia repudiandae sequi. Voluptas qui ut aliquam aut id ut harum.',4,'2020-10-21 10:24:48','2020-10-21 10:24:48'),(274,32,'Arturo Tromp','Sint deserunt consequatur earum illum quis. Consequatur sequi dicta fugit et quis fuga. Velit voluptatem alias cum ullam molestias. Esse voluptates molestiae et quo nisi dicta aut.',3,'2020-10-21 10:24:48','2020-10-21 10:24:48'),(275,23,'Dee Little','Inventore illum eius odio tempore reiciendis. Reiciendis eos facere deserunt sed reiciendis aliquid doloribus dolor. Placeat et corrupti est distinctio dolore a. Nemo hic delectus non possimus explicabo cum dolorem sit.',3,'2020-10-21 10:24:48','2020-10-21 10:24:48'),(276,4,'Dameon Langworth DVM','Qui beatae porro dolore dolores omnis nobis. Iusto tempora assumenda sed perspiciatis harum quaerat nihil. Et veniam provident et illo vero eius omnis.',0,'2020-10-21 10:24:48','2020-10-21 10:24:48'),(277,20,'Miss Lilla Kling','Aut ut ipsum inventore iste. Et sapiente quod est eveniet suscipit.',1,'2020-10-21 10:24:48','2020-10-21 10:24:48'),(278,17,'Pietro Marvin','Excepturi eos quam deleniti reprehenderit sit similique similique. Provident quia culpa qui ut est. Et at consequatur magni accusamus perspiciatis nam neque. Illo voluptate eum illo quos.',3,'2020-10-21 10:24:48','2020-10-21 10:24:48'),(279,35,'Mittie Botsford DVM','Qui voluptas sint qui sunt aliquam enim cum. Earum aut consequatur rem sunt quae. Aperiam et pariatur reiciendis eligendi voluptatem laudantium. Quis ut modi eaque nemo vel et accusantium.',3,'2020-10-21 10:24:48','2020-10-21 10:24:48'),(280,48,'Clarissa Johnson','Ipsa porro et cumque asperiores est et. Sed ut nihil molestias voluptatem perspiciatis. Maxime soluta magni non ea dolorum illo.',5,'2020-10-21 10:24:48','2020-10-21 10:24:48'),(281,48,'Jammie Emard','Dolor a rerum voluptatum necessitatibus. Iusto et aperiam autem fugit modi sint. Sint fuga mollitia nam quia quo autem et sequi. Aut harum qui et et sunt quis laudantium. Eveniet aperiam accusamus dolor quae.',5,'2020-10-21 10:24:48','2020-10-21 10:24:48'),(282,40,'Javonte Hartmann','Ut iste adipisci ut qui quam. Nemo et quia sed quia rerum est molestias et. Consequatur sunt adipisci sint officia nostrum. Nihil tempore qui ratione.',4,'2020-10-21 10:24:48','2020-10-21 10:24:48'),(283,32,'Dayne Bernier','Quia est consequuntur saepe. Repudiandae officia suscipit nam id voluptas voluptas eum. Assumenda quae sint consequuntur cumque dolorem voluptas earum veniam. Autem unde necessitatibus voluptatum maiores culpa.',5,'2020-10-21 10:24:48','2020-10-21 10:24:48'),(284,49,'Efren Grady II','Voluptas exercitationem quibusdam sapiente et enim laudantium corporis. Ipsa tempora temporibus repellendus expedita numquam odio sed.',1,'2020-10-21 10:24:48','2020-10-21 10:24:48'),(285,15,'Dan Wunsch','Sit optio necessitatibus quasi qui doloribus sapiente. Minus sint maxime cupiditate aspernatur sit laboriosam. Est tempore nemo eos vel est.',2,'2020-10-21 10:24:48','2020-10-21 10:24:48'),(286,38,'Torey Becker','Aut quia doloremque omnis molestiae nihil dignissimos. Quia fuga explicabo sapiente.',3,'2020-10-21 10:24:48','2020-10-21 10:24:48'),(287,5,'Maybelle Pouros','Tenetur voluptas at veritatis tempore. Vero optio magnam ab sequi. Earum quo unde atque neque.',2,'2020-10-21 10:24:48','2020-10-21 10:24:48'),(288,25,'Dr. Isabell McKenzie PhD','Ut nobis nulla et aperiam. Omnis iure et iusto commodi ducimus. Distinctio ut quis officiis amet iste.',5,'2020-10-21 10:24:48','2020-10-21 10:24:48'),(289,38,'Elwyn Gaylord','Atque nemo quisquam est. Qui laudantium et aut a. Asperiores blanditiis laboriosam omnis quo. Dolor voluptatem molestiae eveniet eum eaque architecto adipisci sed.',5,'2020-10-21 10:24:48','2020-10-21 10:24:48'),(290,21,'Jack Morissette','Et ut hic fuga. Itaque omnis rem est sint pariatur velit. Est enim amet modi aspernatur qui quis voluptatem. Repellendus blanditiis quis sequi minus enim dolorum ratione.',1,'2020-10-21 10:24:48','2020-10-21 10:24:48'),(291,30,'Kaden Roob','Aut sed veritatis porro quia accusamus consequatur. Aut quisquam ad et sapiente. Atque tempora aut pariatur necessitatibus placeat voluptas.',5,'2020-10-21 10:24:48','2020-10-21 10:24:48'),(292,7,'Jany Gusikowski','Tenetur sapiente et ducimus enim impedit explicabo tempora et. Magnam reiciendis ut et quaerat ut placeat facilis. Harum quod magni rerum maiores amet. Sequi quia nostrum harum nemo qui ut inventore.',1,'2020-10-21 10:24:48','2020-10-21 10:24:48'),(293,34,'Maya Zemlak','Omnis atque rerum sunt et quia. Quod vel aut ea. Deleniti ducimus qui ut possimus. Repellendus voluptas enim nisi aut debitis porro.',4,'2020-10-21 10:24:48','2020-10-21 10:24:48'),(294,45,'Elizabeth Hill','Id aut aut eos. Quaerat pariatur pariatur veritatis distinctio. Libero aut iusto et vel sit odit. Ut qui pariatur corporis.',5,'2020-10-21 10:24:48','2020-10-21 10:24:48'),(295,12,'Laurine Green DVM','Exercitationem nihil quasi sunt natus quod fugiat. Consequatur quis dignissimos rerum sed quos. Numquam fugit quas est quidem adipisci. Cupiditate ut quia enim.',3,'2020-10-21 10:24:48','2020-10-21 10:24:48'),(296,18,'Elta Zemlak MD','Placeat quam nam in temporibus magnam omnis deleniti. Ut reiciendis autem culpa asperiores omnis. Quia quo excepturi sed neque quia. Odio est quisquam eius eveniet illo asperiores nihil.',4,'2020-10-21 10:24:48','2020-10-21 10:24:48'),(297,15,'Abbey Baumbach Sr.','Magni sunt et atque et aperiam sed quis. Exercitationem optio ullam perferendis aut aliquid.',4,'2020-10-21 10:24:48','2020-10-21 10:24:48'),(298,29,'Dandre Jaskolski','Ab voluptatem et repellendus voluptatibus. Incidunt voluptate porro enim accusantium facilis suscipit. Quia est debitis saepe saepe vel.',2,'2020-10-21 10:24:48','2020-10-21 10:24:48'),(299,13,'Deontae Crooks','At facilis voluptatibus beatae pariatur. Facere et placeat enim. Ducimus ullam dolorem molestiae quo.',1,'2020-10-21 10:24:49','2020-10-21 10:24:49'),(300,26,'Vada Schiller','Repudiandae eos qui sit mollitia similique sed libero. Et ratione veritatis architecto et. Ut officia quam laborum laborum.',4,'2020-10-21 10:24:49','2020-10-21 10:24:49');

/*Table structure for table `users` */

DROP TABLE IF EXISTS `users`;

CREATE TABLE `users` (
  `id` bigint(20) unsigned NOT NULL AUTO_INCREMENT,
  `name` varchar(191) COLLATE utf8mb4_unicode_ci NOT NULL,
  `email` varchar(191) COLLATE utf8mb4_unicode_ci NOT NULL,
  `email_verified_at` timestamp NULL DEFAULT NULL,
  `password` varchar(191) COLLATE utf8mb4_unicode_ci NOT NULL,
  `remember_token` varchar(100) COLLATE utf8mb4_unicode_ci DEFAULT NULL,
  `created_at` timestamp NULL DEFAULT NULL,
  `updated_at` timestamp NULL DEFAULT NULL,
  PRIMARY KEY (`id`),
  UNIQUE KEY `users_email_unique` (`email`)
) ENGINE=InnoDB DEFAULT CHARSET=utf8mb4 COLLATE=utf8mb4_unicode_ci;

/*Data for the table `users` */

/*!40101 SET SQL_MODE=@OLD_SQL_MODE */;
/*!40014 SET FOREIGN_KEY_CHECKS=@OLD_FOREIGN_KEY_CHECKS */;
/*!40014 SET UNIQUE_CHECKS=@OLD_UNIQUE_CHECKS */;
/*!40111 SET SQL_NOTES=@OLD_SQL_NOTES */;
